pc_va,xbox_va,tier,pc_name,subsystem,confidence
0x00401000,0x001e6e80,string,FUN_00401000,hud,C2
0x004014b0,0x001e6af0,byte-full,FUN_004014b0,boot,C2
0x00402750,0x001e4570,string,sub_00402750,boot,C2
0x00402b70,0x001e37d0,string,FUN_00402b70,util,C2
0x00403c60,0x001e22d0,mnem,FUN_00403c60,hud,C2
0x00403d30,0x001e2250,mnem,Render_00403d30,render,C3
0x00403db0,0x001e2130,mnem,FUN_00403db0,render,C2
0x00403ed0,0x001e2060,mnem,Render_00403ed0,render,C3
0x00404830,0x001e12e0,prop-weak,FUN_00404830,boot,C2
0x00405890,0x001dde90,byte-full,FUN_00405890,vehicle,C2
0x004095a0,0x001db9a0,string,FUN_004095a0,gameplay,C2
0x004096a0,0x001dbc40,mnem,FUN_004096a0,gameplay,C2
0x00409710,0x001dbdf0,string,FUN_00409710,render,C2
0x004098b0,0x001da6b0,byte-full,LoadingState1Enter,util,C4
0x004098d0,0x001da680,byte-full,FUN_004098d0,gameplay,C2
0x00409930,0x001da640,byte-full,LoadingState3Enter,util,C4
0x00409950,0x001da620,byte-full,FUN_00409950,gameplay,C2
0x00409970,0x001da5f0,byte-full,FUN_00409970,gameplay,C2
0x0040acd0,0x001db770,byte-full,FUN_0040acd0,frontend,C2
0x0040baa0,0x001d74e0,mnem,FUN_0040baa0,gameplay,C2
0x0040bae0,0x001d8190,byte-full,FUN_0040bae0,gameplay,C2
0x0040bbb0,0x001d8330,string,FUN_0040bbb0,boot,C2
0x0040be50,0x001d8580,prop-weak,FUN_0040be50,gameplay,C2
0x0040c5b0,0x001d8e10,mnem,FUN_0040c5b0,gameplay,C2
0x0040cea0,0x001d5780,string,FUN_0040cea0,track,C2
0x0040cf40,0x00058f60,byte-full,FUN_0040cf40,gameplay,C2
0x00411f30,0x001d0c10,string,FUN_00411f30,vehicle,C2
0x00412010,0x001d0bd0,byte-full,FUN_00412010,gameplay,C2
0x00412100,0x001d0b70,byte-full,FUN_00412100,render,C2
0x00412890,0x001d0ab0,byte-prefix,FUN_00412890,boot,C2
0x00413fe0,0x001cae80,mnem,FUN_00413fe0,ai,C2
0x00418db0,0x001c89c0,mnem,FUN_00418db0,render,C2
0x00419090,0x001c86a0,mnem,FUN_00419090,gameplay,C2
0x00419480,0x001c82c0,mnem,FUN_00419480,gameplay,C2
0x0041a060,0x001c96e0,string,FUN_0041a060,gameplay,C2
0x0041a1e0,0x001c8170,string,FUN_0041a1e0,boot,C2
0x0041a400,0x001c7ea0,prop-weak,FUN_0041a400,gameplay,C2
0x0041a8d0,0x001c79e0,string,FUN_0041a8d0,gameplay,C2
0x0041ad60,0x001c6b90,mnem,FUN_0041ad60,render,C2
0x0041adb0,0x001c6b20,mnem,FUN_0041adb0,render,C2
0x0041ae60,0x001c6a30,mnem,FUN_0041ae60,render,C2
0x0041af00,0x001c69e0,mnem,FUN_0041af00,render,C2
0x0041b340,0x001c68e0,byte-full,FUN_0041b340,hud,C2
0x0041b450,0x001c73e0,string,FUN_0041b450,boot,C2
0x0041b630,0x001c6c10,byte-full,HudSlotLoopB630,hud,C3
0x0041b690,0x001c6060,prop-mnem,FUN_0041b690,render,C2
0x0041bc50,0x001c5d70,mnem,FUN_0041bc50,hud,C2
0x0041bec0,0x001c6820,string,FUN_0041bec0,boot,C2
0x0041c100,0x001c5ce0,string,FUN_0041c100,boot,C2
0x0041c320,0x001c51d0,mnem,FUN_0041c320,render,C2
0x0041c9a0,0x001c4fe0,prop-weak,FUN_0041c9a0,hud,C2
0x0041cb10,0x001c5a80,string,FUN_0041cb10,boot,C2
0x0041ccc0,0x001c5260,mnem,HudSlotLoopCcc0,hud,C3
0x0041cd20,0x001c46b0,mnem,FUN_0041cd20,render,C2
0x0041d410,0x001c4390,mnem,FUN_0041d410,hud,C2
0x0041d8b0,0x001c4320,string,FUN_0041d8b0,boot,C2
0x0041db90,0x001c3ff0,string,FUN_0041db90,boot,C2
0x0041def0,0x001c3670,string,FUN_0041def0,boot,C2
0x0041e0d0,0x001c35a0,mnem,FUN_0041e0d0,boot,C2
0x0041e4b0,0x001c3370,mnem,FUN_0041e4b0,render,C2
0x0041e630,0x001c32e0,prop-weak,FUN_0041e630,hud,C2
0x0041e850,0x001c3600,mnem,sub_0041e850,hud,C2
0x0041e870,0x001c32a0,string,TrackNodeRecordScan,render,C3
0x0041e980,0x001c31a0,string,TrackNodeRecordFind,render,C3
0x0041eaa0,0x00170f60,prop-weak,FUN_0041eaa0,boot,C2
0x0041ecc0,0x001701c0,prop-weak,FUN_0041ecc0,render,C2
0x00420d00,0x0016e870,byte-full,FUN_00420d00,boot,C2
0x00420d40,0x0016e820,mnem,SlotArrayClear,util,C3
0x004218d0,0x0016dc30,prop-weak,FUN_004218d0,render,C2
0x00421a90,0x0016dd00,byte-prefix,FUN_00421a90,render,C2
0x00421ba0,0x0016e3d0,mnem,FUN_00421ba0,render,C2
0x00423480,0x001c0390,string,FUN_00423480,ai,C2
0x00423540,0x001c1190,mnem,FUN_00423540,ai,C2
0x004235b0,0x001c2340,string,FUN_004235b0,render,C3
0x00423630,0x001c0350,mnem,AiDataBufInit,render,C3
0x004248b0,0x001bf9f0,byte-prefix,PerCarSnapshotInit,vehicle,C3
0x00424920,0x001bf790,byte-full,EndOfRoundAccumulator,frontend,C3
0x00425bc0,0x001bf3e0,mnem,FUN_00425bc0,boot,C2
0x00425ea0,0x001bf280,byte-full,FUN_00425ea0,frontend,C2
0x00425ef0,0x001bf1b0,mnem,ActiveSlotCount,frontend,C3
0x004260e0,0x001bde40,string,FUN_004260e0,render,C2
0x00426340,0x001be600,string,FUN_00426340,track,C2
0x00426460,0x001be570,prop-weak,FUN_00426460,frontend,C2
0x004264d0,0x001be780,string,FUN_004264d0,track,C2
0x00426d90,0x001bd970,byte-full,FUN_00426d90,frontend,C2
0x00426e10,0x001bed00,string,FUN_00426e10,render,C2
0x004274e0,0x001bc5c0,byte-prefix,FUN_004274e0,frontend,C2
0x00427620,0x001bc500,byte-full,FontText_HudShutdown,hud,C2
0x00427680,0x001bbd80,prop-weak,FontText_ComputeScreenXY,hud,C2
0x004277a0,0x001bbb60,mnem,FUN_004277a0,frontend,C2
0x00427ad0,0x001bcc80,prop-weak,MenuMenusBB,frontend,C3
0x00427ca0,0x001bd5f0,string,FontText_HudInit,hud,C2
0x00427e00,0x001bc420,prop-weak,FUN_00427e00,frontend,C2
0x00427f00,0x001bc150,prop-weak,FUN_00427f00,hud,C2
0x00428140,0x001bbeb0,prop-weak,FUN_00428140,frontend,C2
0x004282a0,0x001bbd10,prop-weak,MenuMenusBA,frontend,C3
0x004283a0,0x001ba630,mnem,FUN_004283a0,boot,C2
0x0042a5d0,0x001b8ec0,prop-weak,FUN_0042a5d0,render,C2
0x0042a6b0,0x001b8dd0,prop-weak,FUN_0042a6b0,vehicle,C2
0x0042a9c0,0x0019d660,mnem,ModeCodeLookup,frontend,C3
0x0042aae0,0x0019cfe0,prop-weak,MenuIm2DQuad,frontend,C4
0x0042ac00,0x0019cf90,mnem,MenuGroupCount,frontend,C3
0x0042ac50,0x0019cf50,byte-full,FUN_0042ac50,frontend,C2
0x0042ac90,0x0019ced0,mnem,FUN_0042ac90,frontend,C3
0x0042add0,0x0019cdc0,mnem,FUN_0042add0,frontend,C2
0x0042bf30,0x0019cb10,prop-weak,FUN_0042bf30,vehicle,C2
0x0042c1a0,0x0019ca90,byte-full,FUN_0042c1a0,util,C2
0x0042d290,0x0019c920,prop-weak,MenusLapTimeFmt,frontend,C3
0x0042d300,0x0019c8b0,prop-weak,TimeDiffDecompose,frontend,C3
0x0042d5a0,0x001a0840,prop-weak,MenusBodyA,frontend,C3
0x0042e3a0,0x001ab120,byte-prefix,MenuChromeShellA,frontend,C4
0x0042e5b0,0x001aadf0,prop-weak,FUN_0042e5b0,frontend,C3
0x0042e8b0,0x001a0450,prop-weak,FUN_0042e8b0,frontend,C2
0x0042f020,0x0019c1b0,byte-full,FUN_0042f020,frontend,C2
0x0042f0c0,0x0019fec0,prop-weak,MenuSpriteDispatchA,frontend,C3
0x0042f6b0,0x0019c080,mnem,MenuModeSync,frontend,C3
0x0042f8d0,0x0019fb30,byte-prefix,MenuMenusBC,frontend,C2
0x0042fa00,0x0019be50,mnem,PlayerSlotEdgeAdjust,frontend,C3
0x0042fab0,0x0019fa20,string,FUN_0042fab0,frontend,C2
0x00430760,0x0019bdf0,mnem,IsMultiplayerMode,frontend,C3
0x00430910,0x0019bc60,byte-full,MenuOptionSlotGet,frontend,C3
0x004309b0,0x0019bc00,mnem,FrontendModeIndex,frontend,C3
0x00430b60,0x0019ba70,mnem,MenuSlotCount,frontend,C3
0x00431b80,0x0019b780,mnem,FUN_00431b80,frontend,C2
0x00431d00,0x0019da40,mnem,FUN_00431d00,frontend,C2
0x00431d90,0x0019b5c0,mnem,FrontendPanelFlagAdvance,frontend,C3
0x00431f30,0x0019d8f0,mnem,FrontendPageIdDispatch,frontend,C3
0x00432290,0x0019b510,mnem,FUN_00432290,util,C2
0x004335f0,0x001ab860,prop-weak,FUN_004335f0,frontend,C2
0x00434720,0x001a16e0,string,FUN_00434720,frontend,C2
0x004368e0,0x001a7f10,string,FUN_004368e0,frontend,C2
0x0043af10,0x001acf50,prop-weak,FUN_0043af10,frontend,C2
0x0043bf30,0x001b2710,byte-prefix,FUN_0043bf30,frontend,C2
0x0043c5b0,0x001b27f0,string,MenuDrawLoop,frontend,C4
0x00444ff0,0x001974b0,string,FUN_00444ff0,ai,C2
0x00448220,0x001a3a10,string,Frontend::PostRaceResultCamera,frontend,C2
0x004540c0,0x0017eb90,byte-full,DepthChargePerFrameTeardown,powerups,C2
0x00454130,0x0017eb50,byte-full,FUN_00454130,render,C2
0x00454170,0x0017e970,prop-weak,FUN_00454170,gameplay,C2
0x00454790,0x0017eb00,byte-full,FUN_00454790,gameplay,C2
0x004547c0,0x0017e9f0,byte-full,FUN_004547c0,gameplay,C2
0x004548e0,0x0017ed90,string,FUN_004548e0,vehicle,C2
0x00454bd0,0x0017d540,mnem,FUN_00454bd0,render,C2
0x00454c60,0x0017d780,mnem,FUN_00454c60,render,C2
0x00456760,0x0017b3a0,string,FUN_00456760,vehicle,C2
0x00456c70,0x0017b240,byte-full,FUN_00456c70,gameplay,C2
0x004576b0,0x00178640,mnem,FUN_004576b0,gameplay,C2
0x00458630,0x00174da0,string,FUN_00458630,frontend,C2
0x004587a0,0x001754f0,string,FUN_004587a0,vehicle,C2
0x00458fd0,0x0008f7e0,mnem,FUN_00458fd0,gameplay,C2
0x00459290,0x00174a30,string,FUN_00459290,vehicle,C2
0x0045b350,0x00022060,prop-weak,RwInitNullStub,render,C3
0x0045bac0,0x001728d0,byte-full,PowerupSlotDeactivate,powerups,C2
0x0045bae0,0x00172f10,string,FUN_0045bae0,vehicle,C2
0x004625b0,0x0015acc0,string,FUN_004625b0,audio,C2
0x004627f0,0x00169200,prop-weak,FUN_004627f0,audio,C2
0x004669b0,0x00169b70,string,FUN_004669b0,audio,C2
0x0046d660,0x0014ef50,prop-weak,FUN_0046d660,gameplay,C2
0x00472380,0x0014dbd0,mnem,FUN_00472380,render,C2
0x004723d0,0x0014d230,byte-full,FUN_004723d0,boot,C2
0x004725c0,0x0014d1a0,byte-full,FUN_004725c0,render,C2
0x00472650,0x0014a010,mnem,FUN_00472650,util,C2
0x00472c60,0x0014bd80,prop-weak,ChromeBaseDraw,frontend,C3
0x00472f40,0x0014bab0,prop-weak,TextGradientV0V1Override,frontend,C3
0x004730b0,0x0014b940,prop-weak,TextGradientV2V3Override,frontend,C3
0x00473540,0x0014b4a0,prop-weak,GradientQuadHorizAlpha,frontend,C3
0x004736c0,0x0014b2f0,prop-weak,BorderQuadFourAlpha,frontend,C3
0x00473870,0x00149610,prop-weak,TextSpriteUVExplicit,frontend,C3
0x004739f0,0x0014b0a0,prop-weak,TextSpriteScaled,frontend,C2
0x00473ee0,0x0014c120,prop-weak,LogoOverlayDraw,frontend,C4
0x00474890,0x0014a7e0,prop-weak,FUN_00474890,gameplay,C2
0x00474f30,0x001490b0,mnem,FUN_00474f30,render,C2
0x00475210,0x0014a5e0,prop-weak,FUN_00475210,render,C2
0x00475830,0x00148410,mnem,FUN_00475830,render,C2
0x00475a00,0x00147680,prop-weak,FUN_00475a00,render,C2
0x00475a60,0x001475e0,mnem,PendingOpQueueFlush,util,C4
0x00476390,0x00146cf0,string,FUN_00476390,render,C2
0x004775b0,0x00145410,string,FUN_004775b0,render,C2
0x004777d0,0x001453d0,mnem,FUN_004777d0,util,C2
0x0047a180,0x0013fda0,byte-full,FUN_0047a180,render,C2
0x0047a1e0,0x0013fcd0,byte-full,SkyFilename_Handler,track,C2
0x0047a280,0x0013fc30,byte-full,FUN_0047a280,track,C2
0x0047a320,0x0013fbb0,mnem,FUN_0047a320,track,C2
0x0047a3a0,0x0013fb10,byte-full,FUN_0047a3a0,track,C2
0x0047a4a0,0x0013fa10,byte-full,FUN_0047a4a0,track,C2
0x0047a610,0x0013f8a0,byte-full,FUN_0047a610,track,C2
0x0047a6f0,0x0013f830,mnem,FUN_0047a6f0,track,C2
0x0047a790,0x0013f780,mnem,FUN_0047a790,track,C2
0x0047a8b0,0x0013f600,mnem,FUN_0047a8b0,track,C2
0x0047aa50,0x0013f4a0,mnem,FUN_0047aa50,track,C2
0x0047ae80,0x0013f050,mnem,FUN_0047ae80,render,C2
0x0047af50,0x0013efa0,mnem,FUN_0047af50,render,C2
0x0047b0a0,0x0013ee30,mnem,FUN_0047b0a0,render,C2
0x0047b110,0x0013ede0,mnem,FUN_0047b110,render,C2
0x0047b160,0x0013ed90,mnem,FUN_0047b160,render,C2
0x0047b1b0,0x0013ed40,mnem,FUN_0047b1b0,render,C2
0x0047b200,0x0013ed10,byte-full,FUN_0047b200,render,C2
0x0047b230,0x0013ecf0,byte-full,FUN_0047b230,render,C2
0x0047b420,0x0013ec20,mnem,FUN_0047b420,render,C2
0x0047b480,0x0013eba0,byte-prefix,FUN_0047b480,gameplay,C2
0x0047b5b0,0x0013ea70,byte-prefix,FUN_0047b5b0,gameplay,C2
0x0047b6b0,0x0013ea00,byte-prefix,FUN_0047b6b0,gameplay,C2
0x0047d150,0x00138130,prop-weak,FUN_0047d150,gameplay,C2
0x0047d330,0x00137cb0,mnem,FUN_0047d330,gameplay,C2
0x0047f380,0x00139dd0,byte-prefix,FUN_0047f380,gameplay,C2
0x00484280,0x00131720,byte-full,FUN_00484280,debug-overlay,C2
0x00484a50,0x00130db0,mnem,FUN_00484a50,world-objects,C2
0x004852e0,0x0012fa00,string,FUN_004852e0,smplfzx,C2
0x00485b30,0x0012bf80,prop-weak,FUN_00485b30,smplfzx,C2
0x00489290,0x00122f80,mnem,FUN_00489290,particle,C2
0x0048a460,0x0011f8e0,prop-weak,FUN_0048a460,particle,C2
0x0048ae00,0x0011dba0,string,FUN_0048ae00,particle,C2
0x0048e820,0x0011a4a0,prop-weak,FUN_0048e820,particle,C2
0x0048eac0,0x00117aa0,string,FUN_0048eac0,particle,C2
0x0048ff20,0x001169b0,string,FUN_0048ff20,particle,C2
0x0048ffd0,0x00114c80,mnem,FUN_0048ffd0,particle,C2
0x00490020,0x001164e0,string,FUN_00490020,render,C2
0x004922e0,0x001108e0,prop-weak,FUN_004922e0,vehicle,C2
0x004927c0,0x0010f910,mnem,FUN_004927c0,vehicle,C2
0x00493600,0x0010f500,byte-full,FUN_00493600,render,C2
0x00493640,0x0010f540,byte-full,FUN_00493640,render,C2
0x00495120,0x0010c7f0,mnem,TimerQpfStore,util,C3
0x00496d60,0x0010b7b0,prop-mnem,FUN_00496d60,util,C2
0x00496db0,0x0010b760,prop-mnem,FUN_00496db0,util,C2
0x00496e40,0x0010b890,mnem,FUN_00496e40,boot,C2
0x0049ab10,0x00017aa0,mnem,FUN_0049ab10,render,C2
0x004a2b60,0x000f857a,byte-prefix,FUN_004a2b60,frontend,C2
0x004a2bb8,0x000faaf3,prop-weak,report_failure,boot,C2
0x004a2be9,0x000fab23,prop-mnem,__security_check_cookie,boot,C2
0x004a2bf7,0x000f912a,byte-full,FUN_004a2bf7,boot,C2
0x004a2c48,0x000f9178,byte-full,FUN_004a2c48,frontend,C2
0x004a2cbd,0x000f886f,byte-full,FID_conflict:_wprintf,render,C2
0x004a2d18,0x000f88ca,prop-mnem,FUN_004a2d18,render,C2
0x004a2dcd,0x000f9310,mnem,FUN_004a2dcd,third-party-library[msvc-crt-main],C2
0x004a2f92,0x000f94d5,byte-full,FUN_004a2f92,third-party-library[msvc-crt-main],C2
0x004a2fd0,0x000f85f0,mnem,FUN_004a2fd0,third-party-library[msvc-crt-main],C2
0x004a31e1,0x000f8781,prop-mnem,FUN_004a31e1,boot,C2
0x004a31ea,0x000f878a,prop-mnem,FUN_004a31ea,boot,C2
0x004a338d,0x000fa111,mnem,FUN_004a338d,third-party-library[msvc-crt-main],C2
0x004a3480,0x000f88e0,byte-full,FUN_004a3480,third-party-library[msvc-crt-main],C2
0x004a34b0,0x000f8910,mnem,_strncpy,boot,C2
0x004a3678,0x001e7d47,mnem,FUN_004a3678,third-party-library[msvc-crt-main],C2
0x004a371d,0x001e7c91,mnem,FUN_004a371d,third-party-library[msvc-crt-main],C2
0x004a37cd,0x001e7de9,mnem,FUN_004a37cd,third-party-library[msvc-crt-main],C2
0x004a3860,0x000f8ec0,byte-full,FUN_004a3860,third-party-library[msvc-crt-main],C2
0x004a38e6,0x000f8f46,byte-full,FUN_004a38e6,third-party-library[msvc-crt-main],C2
0x004a3907,0x000f8f67,byte-full,FUN_004a3907,third-party-library[msvc-crt-main],C2
0x004a39dd,0x000faa45,mnem,FUN_004a39dd,third-party-library[msvc-crt-main],C2
0x004a3a90,0x000f9020,byte-full,FUN_004a3a90,third-party-library[msvc-crt-main],C2
0x004a3bdf,0x000f9d65,byte-full,FUN_004a3bdf,third-party-library[msvc-crt-main],C2
0x004a3c2a,0x000fb7b0,mnem,FUN_004a3c2a,third-party-library[msvc-crt-main],C2
0x004a3c5a,0x000fb7e0,prop-mnem,FUN_004a3c5a,third-party-library[msvc-crt-main],C2
0x004a3c61,0x000fb7e7,mnem,FUN_004a3c61,third-party-library[msvc-crt-main],C2
0x004a3cb3,0x000fb839,byte-full,FUN_004a3cb3,third-party-library[msvc-crt-main],C2
0x004a3d7e,0x000fba23,mnem,FUN_004a3d7e,third-party-library[msvc-crt-main],C2
0x004a3df8,0x000fba9d,mnem,FUN_004a3df8,third-party-library[msvc-crt-main],C2
0x004a3e20,0x000fbac5,mnem,FUN_004a3e20,third-party-library[msvc-crt-main],C2
0x004a3e41,0x000fbae6,mnem,FUN_004a3e41,third-party-library[msvc-crt-main],C2
0x004a3e8d,0x000fbb32,prop-weak,FUN_004a3e8d,third-party-library[msvc-crt-main],C2
0x004a3f90,0x000f9b84,mnem,FUN_004a3f90,third-party-library[msvc-crt-main],C2
0x004a3fd2,0x000f9bc6,mnem,FUN_004a3fd2,third-party-library[msvc-crt-main],C2
0x004a403a,0x000f9c2e,mnem,FUN_004a403a,third-party-library[msvc-crt-main],C2
0x004a405d,0x000f9c51,prop-mnem,FUN_004a405d,third-party-library[msvc-crt-main],C2
0x004a4066,0x000f9c5a,mnem,FUN_004a4066,third-party-library[msvc-crt-main],C2
0x004a407e,0x000fbc46,mnem,__onexit_lk,boot,C2
0x004a4126,0x000fbcee,byte-full,__onexit,boot,C2
0x004a4158,0x000fbd20,prop-weak,FUN_004a4158,boot,C2
0x004a415e,0x000fbd26,byte-full,_atexit,boot,C2
0x004a4170,0x000f9ed0,byte-prefix,__alldiv,util,C2
0x004a4220,0x000f96c0,mnem,__allmul,util,C2
0x004a42c5,0x000f90d2,prop-weak,FUN_004a42c5,render,C2
0x004a431c,0x000fab31,mnem,FUN_004a431c,third-party-library[msvc-crt-main],C2
0x004a4368,0x000fab7d,mnem,FUN_004a4368,third-party-library[msvc-crt-main],C2
0x004a43b1,0x000fabc6,prop-mnem,FUN_004a43b1,third-party-library[msvc-crt-main],C2
0x004a45cf,0x000f9524,byte-full,__nh_malloc,boot,C2
0x004a45fb,0x000f9550,byte-full,_malloc,boot,C2
0x004a4a1b,0x000fb2c3,prop-weak,FUN_004a4a1b,third-party-library[msvc-crt-main],C2
0x004a4b22,0x000fb3da,prop-mnem,FUN_004a4b22,third-party-library[msvc-crt-main],C2
0x004a4b64,0x000fb41c,prop-mnem,FUN_004a4b64,third-party-library[msvc-crt-main],C2
0x004a4b6e,0x000fef10,prop-weak,__amsg_exit,boot,C2
0x004a4da0,0x00101840,byte-prefix,__aulldvrm,render,C2
0x004a4e40,0x000f9f80,byte-prefix,FUN_004a4e40,third-party-library[msvc-crt-main],C2
0x004a4ea8,0x000fbf1d,mnem,FUN_004a4ea8,third-party-library[msvc-crt-main],C2
0x004a4fc1,0x000fc036,mnem,write_char,render,C2
0x004a4ff4,0x000fc069,mnem,write_multi_char,render,C2
0x004a5018,0x000fc08d,mnem,write_string,render,C2
0x004a504f,0x000fc0c4,prop-weak,FUN_004a504f,render,C2
0x004a583a,0x000ffd5b,string,FUN_004a583a,boot,C2
0x004a5984,0x000f9a40,byte-full,CrtSehProlog,boot,C2
0x004a59bf,0x000f9a7b,mnem,CrtSehEpilog,boot,C2
0x004a5a71,0x000fd64b,mnem,FUN_004a5a71,third-party-library[msvc-crt-main],C2
0x004a5acc,0x000fd6ac,prop-weak,FUN_004a5acc,third-party-library[msvc-crt-main],C2
0x004a5b7a,0x000fd755,prop-weak,FUN_004a5b7a,third-party-library[msvc-crt-main],C2
0x004a5bee,0x000fd7b3,prop-weak,FUN_004a5bee,third-party-library[msvc-crt-main],C2
0x004a5c8a,0x000fd85a,prop-weak,FUN_004a5c8a,third-party-library[msvc-crt-main],C2
0x004a5cf2,0x000fd8ac,prop-weak,FUN_004a5cf2,third-party-library[msvc-crt-main],C2
0x004a5d92,0x000fd939,byte-full,FUN_004a5d92,third-party-library[msvc-crt-main],C2
0x004a5f07,0x000face3,byte-full,___endstdio,boot,C2
0x004a5f1b,0x000facf7,prop-mnem,FUN_004a5f1b,third-party-library[msvc-crt-main],C2
0x004a5f4a,0x000fad26,prop-mnem,FUN_004a5f4a,third-party-library[msvc-crt-main],C2
0x004a5f6d,0x000fad49,prop-mnem,FUN_004a5f6d,third-party-library[msvc-crt-main],C2
0x004a5f9c,0x000fad78,prop-mnem,FUN_004a5f9c,third-party-library[msvc-crt-main],C2
0x004a5fbf,0x000fd314,byte-prefix,FUN_004a5fbf,third-party-library[msvc-crt-main],C2
0x004a6047,0x000fd39c,mnem,FUN_004a6047,third-party-library[msvc-crt-main],C2
0x004a6e60,0x000fdbd8,mnem,FUN_004a6e60,third-party-library[msvc-crt-main],C2
0x004a6ec7,0x000fdc3f,mnem,FUN_004a6ec7,third-party-library[msvc-crt-main],C2
0x004a7030,0x000fdda4,byte-full,FUN_004a7030,third-party-library[msvc-crt-main],C2
0x004a7047,0x000fddbb,byte-full,FUN_004a7047,third-party-library[msvc-crt-main],C2
0x004a7090,0x000fddf8,byte-full,FUN_004a7090,third-party-library[msvc-crt-main],C2
0x004a70a5,0x000fde0d,prop-mnem,FUN_004a70a5,third-party-library[msvc-crt-main],C2
0x004a70bc,0x000fde24,prop-mnem,FUN_004a70bc,third-party-library[msvc-crt-main],C2
0x004a70d5,0x000fde3d,mnem,FUN_004a70d5,third-party-library[msvc-crt-main],C2
0x004a712e,0x000fde96,prop-mnem,FUN_004a712e,third-party-library[msvc-crt-main],C2
0x004a713b,0x000fdea3,mnem,FUN_004a713b,third-party-library[msvc-crt-main],C2
0x004a7179,0x000fdee1,mnem,FUN_004a7179,third-party-library[msvc-crt-main],C2
0x004a721c,0x000fdf84,prop-weak,FUN_004a721c,third-party-library[msvc-crt-main],C2
0x004a7286,0x000fdfe9,prop-weak,FUN_004a7286,third-party-library[msvc-crt-main],C2
0x004a774d,0x000fd1c2,mnem,__mtinitlocks,boot,C2
0x004a7800,0x000fd246,prop-weak,FUN_004a7800,boot,C2
0x004a787f,0x000fd2e6,prop-weak,__lock,boot,C2
0x004a7c2c,0x000fb0ea,prop-weak,FUN_004a7c2c,third-party-library[msvc-crt-main],C2
0x004a7e12,0x000fcfe3,mnem,FUN_004a7e12,third-party-library[msvc-crt-main],C2
0x004a7e3c,0x000fd00d,prop-mnem,FUN_004a7e3c,third-party-library[msvc-crt-main],C2
0x004a7e51,0x000fd022,mnem,FUN_004a7e51,third-party-library[msvc-crt-main],C2
0x004a7eac,0x000fd07d,prop-weak,FUN_004a7eac,third-party-library[msvc-crt-main],C2
0x004a7f66,0x000fc84b,mnem,FUN_004a7f66,third-party-library[msvc-crt-main],C2
0x004a820b,0x000fcaef,byte-prefix,FUN_004a820b,third-party-library[msvc-crt-main],C2
0x004a842d,0x000fccdc,mnem,FUN_004a842d,third-party-library[msvc-crt-main],C2
0x004a8455,0x000fcd04,byte-full,FUN_004a8455,third-party-library[msvc-crt-main],C2
0x004a8482,0x000fcd31,byte-full,FUN_004a8482,third-party-library[msvc-crt-main],C2
0x004a8520,0x000fcdcf,byte-prefix,FUN_004a8520,third-party-library[msvc-crt-main],C2
0x004a8573,0x000fce22,byte-prefix,FUN_004a8573,third-party-library[msvc-crt-main],C2
0x004a85d2,0x000fce81,prop-weak,FUN_004a85d2,third-party-library[msvc-crt-main],C2
0x004a8690,0x000fcf21,prop-weak,FUN_004a8690,third-party-library[msvc-crt-main],C2
0x004a877a,0x000fd148,byte-full,FUN_004a877a,third-party-library[msvc-crt-main],C2
0x004a879e,0x000fd16c,mnem,FUN_004a879e,third-party-library[msvc-crt-main],C2
0x004a8828,0x000ffaf1,prop-weak,FUN_004a8828,third-party-library[msvc-crt-main],C2
0x004a8ae0,0x00100e92,mnem,FUN_004a8ae0,third-party-library[msvc-crt-main],C2
0x004a8b93,0x00100f45,prop-mnem,FUN_004a8b93,third-party-library[msvc-crt-main],C2
0x004a8bae,0x00100f60,byte-full,FUN_004a8bae,third-party-library[msvc-crt-main],C2
0x004a8bf3,0x00100fa5,prop-weak,FUN_004a8bf3,third-party-library[msvc-crt-main],C2
0x004a8c10,0x00100fc4,mnem,FUN_004a8c10,third-party-library[msvc-crt-main],C2
0x004a8d53,0x00101107,mnem,FUN_004a8d53,third-party-library[msvc-crt-main],C2
0x004a8db7,0x0010116b,mnem,FUN_004a8db7,third-party-library[msvc-crt-main],C2
0x004a8f33,0x001012e7,mnem,FUN_004a8f33,third-party-library[msvc-crt-main],C2
0x004a8f9a,0x0010134e,prop-weak,FUN_004a8f9a,third-party-library[msvc-crt-main],C2
0x004a905a,0x0010140c,prop-weak,FUN_004a905a,third-party-library[msvc-crt-main],C2
0x004a923c,0x001015eb,mnem,FUN_004a923c,third-party-library[msvc-crt-main],C2
0x004a92de,0x0010168d,prop-weak,FUN_004a92de,third-party-library[msvc-crt-main],C2
0x004a9313,0x001016c9,byte-full,FUN_004a9313,third-party-library[msvc-crt-main],C2
0x004a9340,0x00101700,mnem,FUN_004a9340,third-party-library[msvc-crt-main],C2
0x004a949b,0x000ffee4,prop-weak,FUN_004a949b,third-party-library[msvc-crt-main],C2
0x004a951e,0x000fff65,mnem,FUN_004a951e,third-party-library[msvc-crt-main],C2
0x004a9595,0x000fffdc,prop-mnem,FUN_004a9595,third-party-library[msvc-crt-main],C2
0x004a95b9,0x00100000,byte-full,FUN_004a95b9,third-party-library[msvc-crt-main],C2
0x004a95e4,0x0010002b,byte-prefix,FUN_004a95e4,third-party-library[msvc-crt-main],C2
0x004a9641,0x00100088,byte-full,FUN_004a9641,third-party-library[msvc-crt-main],C2
0x004a966f,0x001000b6,mnem,FUN_004a966f,third-party-library[msvc-crt-main],C2
0x004a970f,0x00100156,byte-full,FUN_004a970f,third-party-library[msvc-crt-main],C2
0x004a973b,0x00100182,prop-mnem,FUN_004a973b,third-party-library[msvc-crt-main],C2
0x004a9744,0x0010018b,prop-mnem,__flushall,boot,C2
0x004a9cc9,0x00100932,mnem,FUN_004a9cc9,third-party-library[msvc-crt-main],C2
0x004aa060,0x000f9cf0,byte-prefix,FUN_004aa060,third-party-library[msvc-crt-main],C2
0x004aa23d,0x000fe156,prop-weak,FUN_004aa23d,boot,C2
0x004aa246,0x000fe15f,prop-weak,FUN_004aa246,third-party-library[msvc-crt-main],C2
0x004aa24f,0x000fe168,mnem,FUN_004aa24f,third-party-library[msvc-crt-main],C2
0x004aaf72,0x000fe13b,byte-full,__callnewh,boot,C2
0x004ab32d,0x001001d8,byte-prefix,FUN_004ab32d,third-party-library[msvc-crt-main],C2
0x004ab40e,0x001003a2,prop-weak,FUN_004ab40e,third-party-library[msvc-crt-main],C2
0x004ab5db,0x00100579,prop-mnem,FUN_004ab5db,third-party-library[msvc-crt-main],C2
0x004ab662,0x00100600,prop-mnem,FUN_004ab662,third-party-library[msvc-crt-main],C2
0x004ab686,0x00100624,prop-weak,FUN_004ab686,third-party-library[msvc-crt-main],C2
0x004ab82b,0x001007af,prop-mnem,FUN_004ab82b,third-party-library[msvc-crt-main],C2
0x004ab8b2,0x00100836,prop-mnem,FUN_004ab8b2,third-party-library[msvc-crt-main],C2
0x004ac248,0x001018d5,mnem,FUN_004ac248,third-party-library[msvc-crt-main],C2
0x004ac2bc,0x00101947,prop-mnem,FUN_004ac2bc,third-party-library[msvc-crt-main],C2
0x004ac343,0x001019ce,prop-mnem,FUN_004ac343,third-party-library[msvc-crt-main],C2
0x004ac367,0x00100194,mnem,FUN_004ac367,third-party-library[msvc-crt-main],C2
0x004ac3ab,0x001019f2,mnem,FUN_004ac3ab,third-party-library[msvc-crt-main],C2
0x004ac71d,0x000f9b66,mnem,FUN_004ac71d,third-party-library[msvc-crt-main],C2
0x004ac953,0x00101abb,mnem,FUN_004ac953,third-party-library[msvc-crt-main],C2
0x004ac985,0x00101aed,byte-full,FUN_004ac985,third-party-library[msvc-crt-main],C2
0x004ac9d2,0x00101b3a,byte-full,FUN_004ac9d2,third-party-library[msvc-crt-main],C2
0x004aca44,0x00101bac,byte-full,FUN_004aca44,third-party-library[msvc-crt-main],C2
0x004aca5f,0x00101bc7,mnem,FUN_004aca5f,third-party-library[msvc-crt-main],C2
0x004aca78,0x00101be0,byte-prefix,FUN_004aca78,third-party-library[msvc-crt-main],C2
0x004acaf3,0x00101c5b,mnem,FUN_004acaf3,third-party-library[msvc-crt-main],C2
0x004acd00,0x000f9700,prop-mnem,_memmove,boot,C2
0x004ad03d,0x00101e39,prop-weak,FUN_004ad03d,third-party-library[msvc-crt-main],C2
0x004ad0b4,0x00101eb8,mnem,FUN_004ad0b4,third-party-library[msvc-crt-main],C2
0x004ad16e,0x00101f72,prop-weak,FUN_004ad16e,third-party-library[msvc-crt-main],C2
0x004ad1e9,0x00101fe0,mnem,FUN_004ad1e9,third-party-library[msvc-crt-main],C2
0x004ad27b,0x00102072,mnem,FUN_004ad27b,third-party-library[msvc-crt-main],C2
0x004ad309,0x00102100,byte-full,FUN_004ad309,third-party-library[msvc-crt-main],C2
0x004ad33b,0x00102132,byte-full,__controlfp,boot,C2
0x004ad351,0x0010031e,prop-weak,__fcloseall,boot,C2
0x004ad3e3,0x00100399,prop-mnem,FUN_004ad3e3,boot,C2
0x004ae17b,0x00102148,prop-weak,FUN_004ae17b,third-party-library[msvc-crt-main],C2
0x004ae279,0x000fcfd2,mnem,FUN_004ae279,third-party-library[msvc-crt-main],C2
0x004ae28c,0x00101a47,prop-weak,FUN_004ae28c,third-party-library[msvc-crt-main],C2
0x004af2d4,0x00101751,byte-prefix,FUN_004af2d4,util,C2
0x004af3c8,0x00102d1a,prop-mnem,FUN_004af3c8,third-party-library[msvc-crt-main],C2
0x004af3e4,0x00102d35,prop-mnem,FUN_004af3e4,third-party-library[msvc-crt-main],C2
0x004af400,0x00102d50,mnem,FUN_004af400,third-party-library[msvc-crt-main],C2
0x004af52b,0x00102adc,mnem,FUN_004af52b,third-party-library[msvc-crt-main],C2
0x004af56c,0x00102b1d,prop-weak,FUN_004af56c,boot,C2
0x004af5df,0x00102bbd,mnem,FUN_004af5df,third-party-library[msvc-crt-main],C2
0x004af74e,0x00102bdf,mnem,FUN_004af74e,third-party-library[msvc-crt-main],C2
0x004af7ee,0x00102c7d,prop-mnem,FUN_004af7ee,third-party-library[msvc-crt-main],C2
0x004aff2c,0x00102c99,mnem,FUN_004aff2c,third-party-library[msvc-crt-main],C2
0x004b0068,0x000fae27,prop-weak,FUN_004b0068,third-party-library[msvc-crt-main],C2
0x004b044b,0x00102d67,byte-full,FUN_004b044b,third-party-library[msvc-crt-main],C2
0x004b046c,0x00102d88,byte-full,FUN_004b046c,third-party-library[msvc-crt-main],C2
0x004b04ca,0x00102de6,byte-full,FUN_004b04ca,third-party-library[msvc-crt-main],C2
0x004b04f8,0x00102e14,byte-full,FUN_004b04f8,third-party-library[msvc-crt-main],C2
0x004b0a43,0x00102f0f,string,FUN_004b0a43,third-party-library[msvc-crt-main],C2
0x004b1ae0,0x000faed0,byte-full,FUN_004b1ae0,third-party-library[msvc-crt-main],C2
0x004b26c0,0x000fb770,byte-full,FUN_004b26c0,third-party-library[msvc-crt-main],C2
0x004b2eb0,0x000feae0,byte-full,FUN_004b2eb0,third-party-library[msvc-crt-main],C2
0x004b3117,0x000fbd95,prop-weak,FUN_004b3117,third-party-library[msvc-crt-main],C2
0x004b3155,0x000fbdd3,mnem,FUN_004b3155,third-party-library[msvc-crt-main],C2
0x004b3a60,0x000feb30,byte-full,FUN_004b3a60,third-party-library[msvc-crt-main],C2
0x004b3b70,0x0008d210,mnem,FileReadWrapper_i3,save,C4
0x004b3bf0,0x0008d250,byte-prefix,FUN_004b3bf0,vehicle,C2
0x004b3c60,0x0008d2c0,byte-prefix,FUN_004b3c60,render,C2
0x004b3cc0,0x0008d320,byte-prefix,FUN_004b3cc0,render,C2
0x004b3d20,0x0008d380,byte-prefix,FUN_004b3d20,render,C2
0x004b3d80,0x0008d3e0,byte-prefix,FUN_004b3d80,render,C2
0x004b3de0,0x0008d440,byte-prefix,FUN_004b3de0,render,C2
0x004b3e40,0x0008d4f0,byte-full,FUN_004b3e40,vehicle,C2
0x004b3f90,0x0008d5b0,mnem,FUN_004b3f90,third-party-library[msvc-crt-main],C2
0x004b3fc0,0x0008d5e0,prop-mnem,FUN_004b3fc0,third-party-library[msvc-crt-main],C2
0x004b4050,0x0008d670,byte-full,FUN_004b4050,render,C2
0x004b4080,0x0008d690,mnem,FUN_004b4080,render,C2
0x004b40c0,0x0008d6d0,byte-full,FUN_004b40c0,render,C3
0x004b40f0,0x0008d700,mnem,FUN_004b40f0,render,C2
0x004b4130,0x0008d740,byte-full,FUN_004b4130,render,C2
0x004b4140,0x0008d750,prop-mnem,FUN_004b4140,render,C2
0x004b4150,0x0008d760,byte-full,FUN_004b4150,render,C2
0x004b44f0,0x0008daa0,byte-full,FUN_004b44f0,util,C2
0x004b4510,0x0008dac0,mnem,FUN_004b4510,util,C2
0x004b4650,0x0008dc00,byte-full,FUN_004b4650,render,C2
0x004b47c0,0x0008dd70,byte-full,FUN_004b47c0,render,C2
0x004b47e0,0x0008dd90,byte-prefix,FUN_004b47e0,render,C2
0x004b4880,0x0008de30,mnem,FUN_004b4880,boot,C2
0x004b48e0,0x0008de90,mnem,FUN_004b48e0,render,C2
0x004b4a80,0x0008e0d0,mnem,FUN_004b4a80,render,C2
0x004b4ad0,0x0008e120,mnem,FUN_004b4ad0,render,C2
0x004b4b60,0x0008e1d0,mnem,FUN_004b4b60,render,C2
0x004b4c80,0x0008e2f0,mnem,FUN_004b4c80,render,C2
0x004b4d10,0x0008e390,mnem,FUN_004b4d10,render,C2
0x004b4e20,0x0008e620,mnem,FUN_004b4e20,render,C2
0x004b5030,0x0008e840,mnem,FUN_004b5030,render,C2
0x004b5080,0x0008e890,byte-prefix,FUN_004b5080,render,C2
0x004b5190,0x0008e9a0,byte-full,FUN_004b5190,vehicle,C2
0x004b51d0,0x0008e9e0,mnem,FUN_004b51d0,render,C2
0x004b5240,0x0008ea50,byte-full,FUN_004b5240,vehicle,C2
0x004b5260,0x0008ea70,byte-full,FUN_004b5260,render,C2
0x004b52c0,0x0008ead0,byte-full,FUN_004b52c0,render,C2
0x004b52f0,0x0008eb00,byte-full,FUN_004b52f0,render,C2
0x004b5320,0x0008eb30,mnem,FUN_004b5320,vehicle,C2
0x004b5580,0x0008ed90,prop-mnem,FUN_004b5580,vehicle,C2
0x004b6480,0x000905b0,mnem,BitArrayClear,input,C3
0x004b64e0,0x00090610,byte-full,FUN_004b64e0,input,C3
0x004b6520,0x00090650,prop-mnem,ZeroFillWrapper,util,C2
0x004b6570,0x00081430,byte-full,FUN_004b6570,render,C2
0x004b65a0,0x00081460,prop-weak,thunk_FUN_004b68e0,vehicle,C2
0x004b65b0,0x00081470,prop-weak,thunk_FUN_004b68f0,vehicle,C2
0x004b65e0,0x00081480,byte-full,FUN_004b65e0,render,C3
0x004b67a0,0x000815e0,mnem,FUN_004b67a0,render,C2
0x004b68f0,0x000816e0,mnem,FUN_004b68f0,render,C2
0x004b6940,0x00081730,prop-weak,FUN_004b6940,render,C2
0x004b6fc0,0x00081d50,prop-weak,FUN_004b6fc0,third-party-library[lua-5.0],C2
0x004b7020,0x00081d90,byte-full,FUN_004b7020,render,C2
0x004b7040,0x00081db0,prop-weak,FUN_004b7040,third-party-library[lua-5.0],C2
0x004b7090,0x00081e10,prop-weak,FUN_004b7090,third-party-library[lua-5.0],C2
0x004b70d0,0x00081e60,prop-weak,FUN_004b70d0,third-party-library[lua-5.0],C2
0x004b7140,0x00081eb0,prop-weak,FUN_004b7140,input,C2
0x004b7200,0x00081f50,prop-weak,thunk_FUN_004b7fd0,input,C2
0x004b7250,0x00081fa0,prop-weak,FUN_004b7250,input,C2
0x004b7280,0x00081fd0,byte-prefix,FUN_004b7280,third-party-library[lua-5.0],C2
0x004b7570,0x000821f0,prop-weak,FUN_004b7570,input,C2
0x004b76a0,0x00082790,prop-weak,FUN_004b76a0,third-party-library[lua-5.0],C2
0x004b76e0,0x000822a0,prop-weak,FUN_004b76e0,third-party-library[lua-5.0],C2
0x004b7740,0x00082430,string,FUN_004b7740,third-party-library[lua-5.0],C2
0x004b78e0,0x000823c0,prop-weak,FUN_004b78e0,third-party-library[lua-5.0],C2
0x004b7b00,0x00082110,prop-weak,FUN_004b7b00,third-party-library[lua-5.0],C2
0x004b7b30,0x000826e0,string,FUN_004b7b30,third-party-library[lua-5.0],C2
0x004b7ba0,0x00082750,prop-weak,FUN_004b7ba0,third-party-library[lua-5.0],C2
0x004b7ca0,0x000829b0,prop-weak,FUN_004b7ca0,third-party-library[lua-5.0],C2
0x004b7cc0,0x000829d0,prop-weak,FUN_004b7cc0,third-party-library[lua-5.0],C2
0x004b7d20,0x00082a30,prop-weak,FUN_004b7d20,third-party-library[lua-5.0],C2
0x004b7d60,0x00082a70,prop-weak,FUN_004b7d60,third-party-library[lua-5.0],C2
0x004b7df0,0x00082ae0,prop-weak,FUN_004b7df0,input,C2
0x004b7e30,0x00082b20,string,FUN_004b7e30,third-party-library[lua-5.0],C2
0x004b7f30,0x00082c30,mnem,FUN_004b7f30,third-party-library[lua-5.0],C2
0x004b80a0,0x00082e10,prop-weak,FUN_004b80a0,third-party-library[lua-5.0],C2
0x004b8190,0x00082f00,prop-weak,FUN_004b8190,third-party-library[lua-5.0],C2
0x004b82a0,0x00083010,prop-weak,FUN_004b82a0,third-party-library[lua-5.0],C2
0x004b8340,0x000830b0,prop-weak,FUN_004b8340,input,C2
0x004b8460,0x000832f0,prop-weak,FUN_004b8460,third-party-library[lua-5.0],C2
0x004b8540,0x000831d0,prop-weak,FUN_004b8540,third-party-library[lua-5.0],C2
0x004b85d0,0x00083280,prop-weak,FUN_004b85d0,third-party-library[lua-5.0],C2
0x004b8650,0x000833d0,string,FUN_004b8650,third-party-library[lua-5.0],C2
0x004b87e0,0x000836b0,string,FUN_004b87e0,third-party-library[lua-5.0],C2
0x004b9400,0x00083250,string,FUN_004b9400,third-party-library[lua-5.0],C2
0x004b9630,0x000843d0,byte-full,FUN_004b9630,third-party-library[lua-5.0],C2
0x004b9650,0x000842f0,string,FUN_004b9650,input,C2
0x004b96c0,0x00084280,string,FUN_004b96c0,third-party-library[lua-5.0],C2
0x004b9730,0x000843f0,string,FUN_004b9730,input,C2
0x004b9aa0,0x00084760,prop-weak,FUN_004b9aa0,input,C2
0x004b9b00,0x000847d0,mnem,FUN_004b9b00,third-party-library[lua-5.0],C2
0x004b9bb0,0x000848e0,prop-weak,FUN_004b9bb0,third-party-library[lua-5.0],C2
0x004b9c90,0x00084970,string,FUN_004b9c90,third-party-library[lua-5.0],C2
0x004b9dc0,0x00084b40,prop-weak,FUN_004b9dc0,third-party-library[lua-5.0],C2
0x004b9e20,0x00084ab0,string,FUN_004b9e20,third-party-library[lua-5.0],C2
0x004b9ef0,0x00084c90,prop-weak,FUN_004b9ef0,third-party-library[lua-5.0],C2
0x004b9fe0,0x00084bd0,prop-weak,FUN_004b9fe0,third-party-library[lua-5.0],C2
0x004ba0b0,0x00084d80,prop-weak,FUN_004ba0b0,third-party-library[lua-5.0],C2
0x004ba120,0x00084df0,byte-full,FUN_004ba120,third-party-library[lua-5.0],C2
0x004ba140,0x00084e70,prop-weak,FUN_004ba140,third-party-library[lua-5.0],C2
0x004ba1b0,0x00084e10,string,FUN_004ba1b0,input,C2
0x004ba9e0,0x00089820,prop-weak,FUN_004ba9e0,third-party-library[lua-5.0],C2
0x004baa20,0x000892c0,prop-weak,FUN_004baa20,third-party-library[lua-5.0],C2
0x004baad0,0x00089310,mnem,FUN_004baad0,third-party-library[lua-5.0],C2
0x004baba0,0x0008a000,string,FUN_004baba0,third-party-library[lua-5.0],C2
0x004bb130,0x00089340,string,FUN_004bb130,third-party-library[lua-5.0],C2
0x004bb160,0x00089860,string,FUN_004bb160,third-party-library[lua-5.0],C2
0x004bb1b0,0x00089430,prop-weak,FUN_004bb1b0,third-party-library[lua-5.0],C2
0x004bb260,0x00089570,string,FUN_004bb260,third-party-library[lua-5.0],C2
0x004bb520,0x000898d0,string,FUN_004bb520,third-party-library[lua-5.0],C2
0x004bb7a0,0x00089b60,string,FUN_004bb7a0,third-party-library[lua-5.0],C2
0x004bbe40,0x00088a30,string,FUN_004bbe40,third-party-library[lua-5.0],C2
0x004bbef0,0x00088b70,string,FUN_004bbef0,third-party-library[lua-5.0],C2
0x004bc080,0x00088dc0,prop-weak,FUN_004bc080,third-party-library[lua-5.0],C2
0x004bc360,0x00088f60,string,FUN_004bc360,third-party-library[lua-5.0],C2
0x004bc3c0,0x00088fc0,prop-weak,FUN_004bc3c0,third-party-library[lua-5.0],C2
0x004bc3f0,0x00088ff0,string,FUN_004bc3f0,third-party-library[lua-5.0],C2
0x004bc440,0x000891d0,mnem,FUN_004bc440,third-party-library[lua-5.0],C2
0x004bc500,0x00087e70,string,FUN_004bc500,third-party-library[lua-5.0],C2
0x004bc590,0x000856f0,prop-weak,FUN_004bc590,third-party-library[lua-5.0],C2
0x004bc670,0x00085ea0,prop-weak,FUN_004bc670,third-party-library[lua-5.0],C2
0x004bc750,0x00085b10,prop-weak,FUN_004bc750,third-party-library[lua-5.0],C2
0x004bc840,0x00087bc0,string,FUN_004bc840,third-party-library[lua-5.0],C2
0x004bca50,0x00085810,string,FUN_004bca50,third-party-library[lua-5.0],C2
0x004bcaf0,0x00085740,prop-weak,FUN_004bcaf0,third-party-library[lua-5.0],C2
0x004bcb30,0x000861d0,prop-weak,FUN_004bcb30,third-party-library[lua-5.0],C2
0x004bcda0,0x00087370,string,FUN_004bcda0,third-party-library[lua-5.0],C2
0x004bcfe0,0x000858d0,prop-weak,FUN_004bcfe0,third-party-library[lua-5.0],C2
0x004bd040,0x000872e0,prop-weak,FUN_004bd040,third-party-library[lua-5.0],C2
0x004bd140,0x00085b50,prop-weak,FUN_004bd140,third-party-library[lua-5.0],C2
0x004bd1b0,0x00085c40,string,FUN_004bd1b0,third-party-library[lua-5.0],C2
0x004bd240,0x00085bc0,string,FUN_004bd240,third-party-library[lua-5.0],C2
0x004bd4d0,0x00086f70,string,FUN_004bd4d0,third-party-library[lua-5.0],C2
0x004bd5e0,0x00086e30,string,FUN_004bd5e0,third-party-library[lua-5.0],C2
0x004bd8a0,0x00086a50,string,FUN_004bd8a0,third-party-library[lua-5.0],C2
0x004bdcc0,0x000862b0,string,lparser_fornum,third-party-library[lua-5.0],C2
0x004bdea0,0x00085ad0,prop-weak,lparser_adjustlocalvars,third-party-library[lua-5.0],C2
0x004bdee0,0x000863b0,string,lparser_forlist,third-party-library[lua-5.0],C2
0x004bdf80,0x00087a40,prop-weak,lparser_funcargs_or_methodcall,third-party-library[lua-5.0],C2
0x004be110,0x00085cc0,prop-weak,lparser_adjust_assign,third-party-library[lua-5.0],C2
0x004be220,0x00087b50,prop-weak,lparser_exprstat,third-party-library[lua-5.0],C2
0x004be290,0x000876a0,string,lparser_assignment,third-party-library[lua-5.0],C2
0x004be410,0x00086990,prop-weak,lparser_body,third-party-library[lua-5.0],C2
0x004be4b0,0x00085db0,prop-weak,lparser_pushclosure,third-party-library[lua-5.0],C2
0x004be5d0,0x00085d20,string,lparser_parlist_end,third-party-library[lua-5.0],C2
0x004be640,0x00088840,string,lundump_LoadFunction,third-party-library[lua-5.0],C2
0x004be900,0x00088120,string,lundump_LoadCode,third-party-library[lua-5.0],C2
0x004bebe0,0x00088660,string,lundump_LoadHeader,third-party-library[lua-5.0],C2
0x004bf020,0x0008a730,mnem,lcode_syntaxerror_curtoken,third-party-library[lua-5.0],C2
0x004bf080,0x0008b110,prop-weak,lcode_getlabel,third-party-library[lua-5.0],C2
0x004bf0b0,0x0008a7b0,prop-weak,lcode_checkstack,third-party-library[lua-5.0],C2
0x004bf320,0x0008afe0,prop-weak,lcode_patchlist,third-party-library[lua-5.0],C2
0x004bf490,0x0008ab50,prop-weak,lcode_patchtohere,third-party-library[lua-5.0],C2
0x004bfa40,0x0008b020,mnem,lcode_codeABC_nil,third-party-library[lua-5.0],C2
0x004bfa60,0x0008b040,prop-mnem,lcode_codeABx,third-party-library[lua-5.0],C2
0x004bfa80,0x0008ac10,prop-weak,lcode_codeABC_core,third-party-library[lua-5.0],C2
0x004bfe30,0x0008aba0,string,FUN_004bfe30,third-party-library[lua-5.0],C2
0x004bfeb0,0x0008c030,mnem,FUN_004bfeb0,third-party-library[lua-5.0],C2
0x004bfee0,0x0008c060,mnem,FUN_004bfee0,third-party-library[lua-5.0],C2
0x004bff10,0x0008c090,mnem,FUN_004bff10,third-party-library[lua-5.0],C2
0x004bff40,0x0008c0c0,mnem,FUN_004bff40,third-party-library[lua-5.0],C2
0x004bffd0,0x0008c150,mnem,FUN_004bffd0,third-party-library[lua-5.0],C2
0x004c0100,0x0008c280,mnem,FUN_004c0100,third-party-library[lua-5.0],C2
0x004c0130,0x0008c300,mnem,FUN_004c0130,third-party-library[lua-5.0],C2
0x004c0160,0x0008c330,mnem,FUN_004c0160,third-party-library[lua-5.0],C2
0x004c0190,0x0008c360,mnem,FUN_004c0190,third-party-library[lua-5.0],C2
0x004c0280,0x0008c450,mnem,FUN_004c0280,third-party-library[lua-5.0],C2
0x004c0510,0x0008c6f0,mnem,FUN_004c0510,input,C2
0x004c05b0,0x0008c7c0,string,FUN_004c05b0,third-party-library[lua-5.0],C2
0x004c0610,0x0008c820,string,FUN_004c0610,third-party-library[lua-5.0],C2
0x004c0670,0x0008c870,prop-weak,FUN_004c0670,third-party-library[lua-5.0],C2
0x004c06c0,0x0008c740,mnem,FUN_004c06c0,input,C2
0x004c0700,0x0008c780,prop-weak,FUN_004c0700,third-party-library[lua-5.0],C2
0x004c0740,0x00052a50,prop-weak,FUN_004c0740,third-party-library[lua-5.0],C2
0x004c0790,0x00052aa0,byte-full,FUN_004c0790,third-party-library[renderware],C1
0x004c0b10,0x0004fd60,prop-weak,FUN_004c0b10,render,C2
0x004c0b30,0x0004fe60,prop-weak,FUN_004c0b30,third-party-library[renderware],C1
0x004c0b70,0x0004fd80,prop-weak,FUN_004c0b70,third-party-library[lua-5.0],C2
0x004c0ed0,0x0004ff80,byte-full,FUN_004c0ed0,render,C2
0x004c1710,0x000501e0,prop-mnem,FUN_004c1710,third-party-library[lua-5.0],C2
0x004c1c10,0x000526c0,string,Camera::SetProjection,util,C2
0x004c1c80,0x00052730,prop-weak,FUN_004c1c80,hud,C3
0x004c1cc0,0x00052780,prop-mnem,FUN_004c1cc0,third-party-library[lua-5.0],C2
0x004c1cf0,0x000527b0,prop-weak,FUN_004c1cf0,third-party-library[lua-5.0],C2
0x004c2c90,0x000504c0,string,FUN_004c2c90,render,C2
0x004c2d70,0x000505a0,prop-weak,RwPluginRegistryFrozen,render,C4
0x004c2d90,0x000505c0,mnem,FUN_004c2d90,render,C2
0x004c4270,0x00053860,mnem,FUN_004c4270,render,C2
0x004c45f0,0x00053c10,prop-weak,FUN_004c45f0,render,C2
0x004c59c0,0x00056f20,prop-weak,FUN_004c59c0,render,C2
0x004c5a00,0x00056f70,prop-weak,FUN_004c5a00,render,C2
0x004c5bc0,0x000570d0,prop-weak,FUN_004c5bc0,render,C2
0x004c5c80,0x00057150,prop-weak,FUN_004c5c80,render,C2
0x004c5cb0,0x00057180,prop-weak,FUN_004c5cb0,render,C2
0x004c5da0,0x00057240,prop-mnem,FUN_004c5da0,render,C2
0x004c7650,0x000561e0,prop-weak,FUN_004c7650,render,C2
0x004c77c0,0x00056340,prop-weak,FUN_004c77c0,render,C2
0x004cbd30,0x0005a720,prop-weak,RwStreamRead,render,C3
0x004cbe80,0x0005a870,prop-weak,RwStreamWrite,save,C4
0x004cc050,0x0005aa30,prop-weak,RwStreamSkip,render,C3
0x004cc160,0x0005ab40,prop-weak,FUN_004cc160,frontend,C3
0x004cc400,0x0005a190,prop-weak,FUN_004cc400,render,C2
0x004cc580,0x0005a250,prop-weak,FUN_004cc580,render,C2
0x004cc5e0,0x0005a2b0,prop-weak,FUN_004cc5e0,render,C2
0x004cc770,0x0005a440,byte-full,FUN_004cc770,render,C2
0x004cc790,0x0005a460,prop-weak,FUN_004cc790,render,C2
0x004ccc50,0x0005aef0,prop-weak,FUN_004ccc50,render,C2
0x004ccde0,0x0005b080,byte-full,FUN_004ccde0,util,C2
0x004ce2d0,0x00058100,prop-weak,FUN_004ce2d0,render,C2
0x004ce480,0x000581b0,prop-weak,FUN_004ce480,render,C2
0x004ce6c0,0x00058460,mnem,FUN_004ce6c0,render,C2
0x004ce790,0x00058490,prop-weak,FUN_004ce790,render,C2
0x004cf430,0x0005d170,prop-mnem,FUN_004cf430,render,C2
0x004cf7d0,0x0005d500,prop-weak,FUN_004cf7d0,render,C2
0x004cfe20,0x002170eb,mnem,FUN_004cfe20,render,C2
0x004d0660,0x00068750,string,FUN_004d0660,render,C2
0x004d3e90,0x0005fcd0,prop-weak,FUN_004d3e90,render,C2
0x004d4170,0x0005ffb0,prop-weak,FUN_004d4170,render,C2
0x004d41e0,0x00060020,prop-weak,FUN_004d41e0,render,C2
0x004d4910,0x0005ec70,prop-weak,FUN_004d4910,render,C2
0x004d4a20,0x0005ed80,prop-weak,FUN_004d4a20,render,C2
0x004d4dd0,0x0005f830,prop-weak,FUN_004d4dd0,render,C2
0x004d4f00,0x0005f940,prop-weak,FUN_004d4f00,render,C2
0x004d4f90,0x0005f9d0,prop-weak,FUN_004d4f90,render,C2
0x004d7de0,0x00062890,prop-weak,FUN_004d7de0,render,C2
0x004d7ff0,0x00012b30,prop-weak,RwIdentityPassthrough,render,C3
0x004d8000,0x00062a90,prop-weak,FUN_004d8000,frontend,C2
0x004d8060,0x00062af0,prop-weak,FUN_004d8060,render,C2
0x004d8480,0x00060cd0,prop-weak,RwErrSlotWrite,render,C3
0x004d8bd0,0x00061a90,prop-weak,FUN_004d8bd0,third-party-library[renderware],C1
0x004da430,0x00064180,mnem,FUN_004da430,render,C2
0x004de1b0,0x00065db0,string,FUN_004de1b0,third-party-library[renderware],C1
0x004e1a90,0x00065470,mnem,FUN_004e1a90,third-party-library[renderware],C1
0x004e1ac0,0x00067080,prop-weak,FUN_004e1ac0,third-party-library[renderware],C1
0x004e1b00,0x000670c0,prop-weak,FUN_004e1b00,third-party-library[renderware],C1
0x004e1b30,0x000670f0,prop-weak,FUN_004e1b30,third-party-library[renderware],C1
0x004e1b60,0x00067120,prop-weak,FUN_004e1b60,third-party-library[renderware],C1
0x004e1c90,0x00067260,mnem,FUN_004e1c90,third-party-library[renderware],C1
0x004e2fa0,0x00069e50,mnem,FUN_004e2fa0,third-party-library[renderware],C1
0x004e3470,0x0006b7a0,prop-weak,FUN_004e3470,third-party-library[renderware],C1
0x004e42a0,0x0006b170,byte-full,FUN_004e42a0,third-party-library[renderware],C1
0x004e4300,0x0006b1d0,byte-full,FUN_004e4300,third-party-library[renderware],C1
0x004e4320,0x0006b1f0,byte-full,FUN_004e4320,render,C2
0x004e4380,0x0006b250,byte-full,FUN_004e4380,third-party-library[renderware],C1
0x004e4440,0x0006b2c0,prop-mnem,FUN_004e4440,third-party-library[renderware],C1
0x004e4450,0x0006b640,prop-weak,RwFrameAddChild,third-party-library[renderware],C1
0x004e45b0,0x0006b6d0,prop-weak,RwFrameRemoveChild,third-party-library[renderware],C1
0x004e47b0,0x0006b2d0,byte-full,FUN_004e47b0,third-party-library[renderware],C1
0x004e4800,0x0006b320,prop-mnem,FUN_004e4800,third-party-library[renderware],C1
0x004e4810,0x0006b330,prop-weak,RpWorldAddLight,third-party-library[renderware],C1
0x004e48e0,0x0006d7b0,prop-weak,FUN_004e48e0,third-party-library[renderware],C1
0x004e4900,0x0006d7e0,prop-weak,FUN_004e4900,third-party-library[renderware],C1
0x004e4bd0,0x0006dba0,prop-mnem,FUN_004e4bd0,third-party-library[renderware],C1
0x004e4c00,0x0006dbd0,prop-mnem,FUN_004e4c00,third-party-library[renderware],C1
0x004e4d90,0x0006dcf0,prop-weak,FUN_004e4d90,third-party-library[renderware],C1
0x004e55d0,0x0006ed80,prop-weak,FUN_004e55d0,third-party-library[renderware],C1
0x004e5c70,0x0006ebd0,prop-weak,RpWorldForAllWorldSectors,third-party-library[renderware],C1
0x004e5cd0,0x0006ec30,prop-mnem,FUN_004e5cd0,third-party-library[renderware],C1
0x004e5d00,0x0006ec60,prop-mnem,FUN_004e5d00,third-party-library[renderware],C1
0x004e5d30,0x0006ec90,prop-weak,FUN_004e5d30,third-party-library[renderware],C1
0x004e5fc0,0x0006bf10,prop-weak,FUN_004e5fc0,third-party-library[renderware],C1
0x004e6100,0x0006c070,prop-weak,RpAtomicGetWorldBoundingSphere,third-party-library[renderware],C1
0x004e65c0,0x0006c280,prop-weak,FUN_004e65c0,third-party-library[renderware],C1
0x004e6680,0x0006c2d0,prop-weak,RpClumpRender,render,C2
0x004e66d0,0x0006c320,prop-weak,RpClumpForAllAtomics,render,C2
0x004e6710,0x0006c360,prop-weak,FUN_004e6710,third-party-library[renderware],C1
0x004e6760,0x0006c3b0,prop-weak,RpClumpForAllLights,third-party-library[renderware],C1
0x004e6920,0x0006c480,prop-weak,FUN_004e6920,third-party-library[renderware],C1
0x004e7d40,0x0006c600,prop-mnem,RpAtomicRegisterPlugin,third-party-library[renderware],C1
0x004e7d70,0x0006c630,prop-mnem,RpClumpRegisterPlugin,third-party-library[renderware],C1
0x004e7da0,0x0006c660,prop-mnem,FUN_004e7da0,third-party-library[renderware],C1
0x004e7dd0,0x0006c690,prop-mnem,FUN_004e7dd0,third-party-library[renderware],C1
0x004e7df0,0x0006c6b0,prop-mnem,FUN_004e7df0,third-party-library[renderware],C1
0x004e7e30,0x0006c6f0,prop-weak,FUN_004e7e30,third-party-library[renderware],C1
0x004e8090,0x00070140,prop-weak,FUN_004e8090,third-party-library[renderware],C1
0x004e80c0,0x00070170,prop-mnem,FUN_004e80c0,third-party-library[renderware],C1
0x004e80f0,0x000701a0,prop-mnem,FUN_004e80f0,third-party-library[renderware],C1
0x004e8910,0x0006f110,byte-full,FUN_004e8910,third-party-library[renderware],C1
0x004e89a0,0x0006f1a0,prop-weak,FUN_004e89a0,third-party-library[renderware],C1
0x004e89e0,0x0006f1f0,byte-full,FUN_004e89e0,third-party-library[renderware],C1
0x004e8f50,0x0006f680,prop-mnem,FUN_004e8f50,third-party-library[renderware],C1
0x004e8f80,0x0006f6b0,prop-mnem,FUN_004e8f80,third-party-library[renderware],C1
0x004e8fb0,0x0006f6e0,prop-mnem,FUN_004e8fb0,third-party-library[renderware],C1
0x004e99b0,0x00070c90,prop-weak,FUN_004e99b0,third-party-library[renderware],C1
0x004eb3c0,0x00072d70,prop-weak,FUN_004eb3c0,third-party-library[renderware],C1
0x004eb9d0,0x00072540,prop-weak,FUN_004eb9d0,third-party-library[renderware],C1
0x004ec740,0x00046380,prop-mnem,FUN_004ec740,render,C2
0x004ec750,0x00072290,prop-mnem,FUN_004ec750,render,C2
0x004ee1ce,0x001fc056,byte-prefix,FUN_004ee1ce,third-party-library[d3dx9-psgp],C2
0x004f0910,0x00071120,prop-mnem,FUN_004f0910,render,C2
0x004f0940,0x00071150,prop-mnem,FUN_004f0940,render,C2
0x004f0c10,0x00073500,prop-weak,FUN_004f0c10,render,C2
0x004f0dc0,0x000736a0,prop-weak,FUN_004f0dc0,render,C2
0x004f10e0,0x000739e0,prop-weak,FUN_004f10e0,render,C2
0x004f3cb0,0x00072f40,prop-weak,FUN_004f3cb0,render,C2
0x004fc9e0,0x001fc29e,byte-prefix,FUN_004fc9e0,third-party-library[d3dx9-psgp],C2
0x004fcb51,0x0022165f,mnem,FUN_004fcb51,third-party-library[d3dx9-shader-compiler],C2
0x004fd0d3,0x00218eb5,string,FUN_004fd0d3,third-party-library[d3dx9-shader-compiler],C2
0x005010f1,0x002139f6,string,FUN_005010f1,third-party-library[d3dx9-shader-compiler],C1
0x00501a85,0x002142f7,string,FUN_00501a85,third-party-library[d3dx9-hlsl-shader-compiler],C2
0x00501b38,0x002143a1,string,FUN_00501b38,third-party-library[d3dx9-hlsl-shader-compiler],C2
0x00502e9e,0x00214441,string,FUN_00502e9e,third-party-library[d3dx9-shader-compiler],C1
0x00514bd0,0x00022d80,string,FUN_00514bd0,third-party-library[d3dx9-backward-extension],C2
0x00515260,0x000231c0,byte-prefix,FUN_00515260,third-party-library[d3dx9-backward-extension],C2
0x00515370,0x000232d0,string,FUN_00515370,third-party-library[d3dx9-backward-extension],C2
0x00515710,0x000238f0,prop-weak,FUN_00515710,third-party-library[d3dx9-backward-extension],C2
0x00515740,0x00023920,prop-weak,FUN_00515740,third-party-library[d3dx9-backward-extension],C2
0x00515770,0x00023960,prop-weak,FUN_00515770,third-party-library[d3dx9-backward-extension],C2
0x005157c0,0x000239b0,prop-weak,FUN_005157c0,third-party-library[d3dx9-backward-extension],C2
0x005159d0,0x00023bd0,prop-weak,FUN_005159d0,third-party-library[d3dx9-backward-extension],C2
0x00515f30,0x00024110,string,FUN_00515f30,third-party-library[d3dx9-backward-extension],C2
0x00515fd0,0x000241b0,string,FUN_00515fd0,third-party-library[d3dx9-backward-extension],C2
0x005161d0,0x000243c0,prop-weak,FUN_005161d0,third-party-library[d3dx9-backward-extension],C2
0x00516650,0x00024830,string,FUN_00516650,third-party-library[d3dx9-backward-extension],C2
0x00516bb0,0x00024db0,byte-full,png_write_data,util,C2
0x00516bf0,0x00024df0,mnem,png_set_write_fn,util,C2
0x00516c40,0x00024e40,prop-weak,png_sig_cmp,util,C2
0x00516d20,0x00024f20,prop-weak,thunk_png_free,util,C2
0x00516d30,0x00024f30,mnem,png_reset_crc,util,C2
0x00516d50,0x00024f50,prop-weak,png_calculate_crc,util,C2
0x00516da0,0x00025410,mnem,png_create_info_struct,util,C2
0x00516de0,0x00024fa0,prop-weak,png_free_data,util,C2
0x005171a0,0x00025360,mnem,FUN_005171a0,util,C2
0x00517200,0x000253c0,prop-weak,FUN_00517200,util,C2
0x00517250,0x00022850,prop-weak,FUN_00517250,util,C2
0x00517270,0x00022870,prop-weak,FUN_00517270,util,C2
0x005173d0,0x00022830,byte-full,FUN_005173d0,util,C2
0x005173f0,0x00025450,string,FUN_005173f0,util,C2
0x005175d0,0x00025620,string,FUN_005175d0,util,C2
0x00517940,0x00025990,string,FUN_00517940,util,C2
0x00517e00,0x00025e40,string,FUN_00517e00,util,C2
0x00518080,0x00026330,mnem,FUN_00518080,util,C2
0x00518140,0x000260c0,byte-prefix,FUN_00518140,util,C2
0x005183c0,0x00026410,string,FUN_005183c0,util,C2
0x005185a0,0x00029750,prop-weak,png_do_background,util,C2
0x00519270,0x0002a200,string,png_do_read_transformations,util,C2
0x005196f0,0x000265e0,prop-weak,FUN_005196f0,util,C2
0x00519820,0x00026710,prop-weak,FUN_00519820,util,C2
0x005199f0,0x00026930,prop-weak,FUN_005199f0,util,C2
0x00519af0,0x00026a40,prop-weak,FUN_00519af0,util,C2
0x00519bc0,0x00026b20,prop-weak,FUN_00519bc0,util,C2
0x00519e30,0x00026db0,prop-weak,FUN_00519e30,util,C2
0x00519f70,0x00026f00,prop-weak,FUN_00519f70,util,C2
0x0051bb40,0x000288b0,prop-weak,FUN_0051bb40,util,C2
0x0051bd70,0x00028ad0,prop-weak,FUN_0051bd70,util,C2
0x0051c9f0,0x0002a620,byte-full,FUN_0051c9f0,util,C2
0x0051ca10,0x0002a640,mnem,FUN_0051ca10,util,C2
0x0051ca60,0x0002a6c0,byte-full,FUN_0051ca60,util,C2
0x0051cbe0,0x0002b8c0,string,FUN_0051cbe0,util,C2
0x0051cfc0,0x0002abc0,string,FUN_0051cfc0,util,C2
0x0051d340,0x0002bdc0,string,FUN_0051d340,util,C2
0x0051d400,0x0002be40,string,FUN_0051d400,util,C2
0x0051d560,0x0002a830,string,FUN_0051d560,util,C2
0x0051d900,0x0002bf30,string,FUN_0051d900,util,C2
0x0051dca0,0x0002c1d0,string,FUN_0051dca0,util,C2
0x0051e230,0x0002c520,string,png_write_tRNS,util,C2
0x0051e6f0,0x0002acc0,string,png_write_hIST,util,C2
0x0051e7f0,0x0002ad80,string,png_check_keyword,util,C2
0x0051ed60,0x0002c710,string,FUN_0051ed60,util,C2
0x0051f240,0x0002c7e0,string,FUN_0051f240,util,C2
0x005207c0,0x0002de50,prop-weak,png_create_struct_2,util,C2
0x00520850,0x0002e000,byte-full,png_destroy_struct,util,C2
0x00520870,0x0002dee0,prop-weak,FUN_00520870,util,C2
0x005208c0,0x0002e020,string,FUN_005208c0,util,C2
0x00520930,0x0002e070,mnem,png_free,util,C2
0x00520960,0x0002df60,prop-weak,FUN_00520960,util,C2
0x00520990,0x0002df90,prop-weak,FUN_00520990,util,C2
0x005209d0,0x0002dfd0,prop-mnem,FUN_005209d0,util,C2
0x00521110,0x0002f210,string,FUN_00521110,util,C2
0x00521520,0x0002e140,string,FUN_00521520,util,C2
0x00521990,0x0002e3d0,prop-weak,FUN_00521990,util,C2
0x00522970,0x0002f400,prop-weak,FUN_00522970,util,C2
0x00522ab0,0x0002f530,prop-weak,FUN_00522ab0,util,C2
0x00522b00,0x0002f580,mnem,FUN_00522b00,util,C2
0x00522cc0,0x0002f6d0,byte-full,FUN_00522cc0,util,C2
0x00522ce0,0x0002f6f0,string,FUN_00522ce0,util,C2
0x00523140,0x0002fb20,byte-full,png_crc_read,util,C2
0x00523360,0x0002fbd0,string,FUN_00523360,util,C2
0x00523640,0x00030b50,string,FUN_00523640,util,C2
0x005238c0,0x00030cc0,string,FUN_005238c0,util,C2
0x00523cd0,0x00030e60,string,FUN_00523cd0,util,C2
0x00523e40,0x00030eb0,string,FUN_00523e40,util,C2
0x005241f0,0x00031020,string,FUN_005241f0,util,C2
0x005245b0,0x00031190,string,FUN_005245b0,util,C2
0x00524f70,0x00031670,string,FUN_00524f70,util,C2
0x005253c0,0x00031870,string,FUN_005253c0,util,C2
0x00525870,0x00031a20,string,png_handle_sPLT,util,C2
0x00525bd0,0x00031c30,string,FUN_00525bd0,util,C2
0x00525fb0,0x00031e70,string,FUN_00525fb0,util,C2
0x00526310,0x00032090,string,FUN_00526310,util,C2
0x00526630,0x00032200,string,FUN_00526630,util,C2
0x00526910,0x00032320,string,FUN_00526910,util,C2
0x00526bf0,0x00032440,string,FUN_00526bf0,util,C2
0x005270e0,0x000326c0,string,FUN_005270e0,util,C2
0x00527560,0x00032860,string,FUN_00527560,util,C2
0x00527a40,0x00032a30,string,FUN_00527a40,util,C2
0x00527ee0,0x0002ff10,prop-weak,FUN_00527ee0,util,C2
0x00528200,0x00030220,prop-weak,FUN_00528200,util,C2
0x00528630,0x00030640,string,FUN_00528630,util,C2
0x00528810,0x00032c90,string,FUN_00528810,util,C2
0x00528ba0,0x00030820,prop-weak,FUN_00528ba0,util,C2
0x00528e00,0x00034a90,byte-full,zcalloc,util,C2
0x0052a9c0,0x00034ac0,prop-weak,FUN_0052a9c0,util,C2
0x0052ab00,0x00034be0,string,inflate,util,C2
0x0052b750,0x00035750,prop-weak,FUN_0052b750,util,C2
0x0052b7e0,0x000357e0,prop-weak,FUN_0052b7e0,util,C2
0x0052b820,0x00035820,prop-weak,FUN_0052b820,util,C2
0x0052bf20,0x00035f30,byte-full,FUN_0052bf20,util,C2
0x0052bf40,0x00036440,string,FUN_0052bf40,util,C2
0x0052bff0,0x00035f50,prop-weak,inflate_table,util,C2
0x0052c4a0,0x000364f0,string,inflate_fast_huffman_setup,util,C2
0x0052c630,0x00036680,prop-weak,FUN_0052c630,util,C2
0x0052c660,0x000366b0,prop-weak,FUN_0052c660,util,C2
0x0052c7a0,0x000367e0,prop-weak,FUN_0052c7a0,util,C2
0x0052d8e0,0x0008c930,prop-weak,FUN_0052d8e0,third-party-library[renderware],C1
0x0052de60,0x0008cca0,prop-weak,FUN_0052de60,util,C2
0x0052e0e0,0x0008cdc0,prop-weak,FUN_0052e0e0,third-party-library[renderware],C1
0x0052e310,0x00042f60,mnem,FUN_0052e310,third-party-library[renderware],C1
0x00532a60,0x00040330,prop-weak,FUN_00532a60,third-party-library[renderware],C1
0x005336d0,0x00042510,prop-mnem,FUN_005336d0,third-party-library[renderware],C1
0x00534920,0x0004d040,prop-weak,FUN_00534920,util,C2
0x00534a80,0x0001ce00,prop-weak,FUN_00534a80,third-party-library[renderware],C1
0x00538600,0x00079780,prop-weak,FUN_00538600,third-party-library[renderware],C1
0x00538a80,0x00079640,byte-full,FUN_00538a80,third-party-library[renderware],C1
0x00538c80,0x0004b2d0,byte-prefix,FUN_00538c80,third-party-library[renderware],C1
0x00538d60,0x000470c0,prop-weak,FUN_00538d60,third-party-library[renderware],C1
0x00539900,0x00047be0,prop-weak,FUN_00539900,third-party-library[renderware],C1
0x00539ec0,0x000481e0,prop-weak,FUN_00539ec0,third-party-library[renderware],C1
0x0053d060,0x0004b880,mnem,FUN_0053d060,third-party-library[renderware],C1
0x0053eaa0,0x0007afb0,prop-weak,FUN_0053eaa0,third-party-library[renderware],C1
0x0053fb70,0x0007a160,prop-weak,FUN_0053fb70,third-party-library[renderware],C1
0x0053fba0,0x0007a190,prop-mnem,FUN_0053fba0,third-party-library[renderware],C1
0x0053fea0,0x0007a1a0,mnem,FUN_0053fea0,third-party-library[renderware],C1
0x00543b10,0x0007f880,prop-mnem,FUN_00543b10,third-party-library[renderware],C1
0x00543d40,0x00080d40,prop-weak,FUN_00543d40,third-party-library[renderware],C1
0x00543d70,0x00080d70,prop-mnem,FUN_00543d70,third-party-library[renderware],C1
0x00543dc0,0x00080da0,mnem,FUN_00543dc0,third-party-library[renderware],C1
0x00543df0,0x00080de0,prop-mnem,FUN_00543df0,third-party-library[renderware],C1
0x00543e50,0x00081190,prop-weak,FUN_00543e50,third-party-library[renderware],C1
0x005449f0,0x0003e2c0,prop-weak,FUN_005449f0,third-party-library[renderware],C1
0x00544a70,0x0003e330,prop-weak,FUN_00544a70,third-party-library[renderware],C1
0x00544ad0,0x0003e3a0,prop-weak,FUN_00544ad0,third-party-library[renderware],C1
0x00544bf0,0x0003e4c0,prop-weak,FUN_00544bf0,third-party-library[renderware],C1
0x00544d20,0x0003e6e0,prop-weak,FUN_00544d20,third-party-library[renderware],C1
0x00545260,0x0004f220,prop-weak,FUN_00545260,third-party-library[renderware],C1
0x00546380,0x0004f090,prop-weak,FUN_00546380,third-party-library[renderware],C1
0x00546530,0x0004e3d0,prop-weak,FUN_00546530,third-party-library[renderware],C1
0x005493d0,0x00012b40,prop-mnem,FUN_005493d0,third-party-library[renderware],C1
0x00549580,0x00012a10,byte-full,FUN_00549580,third-party-library[renderware],C1
0x00549620,0x00012a70,byte-full,FUN_00549620,third-party-library[renderware],C1
0x00549640,0x00012d10,mnem,FUN_00549640,third-party-library[renderware],C1
0x00549a50,0x000136b0,mnem,FUN_00549a50,third-party-library[renderware],C1
0x00550350,0x000f6cc0,byte-full,FUN_00550350,third-party-library[renderware],C1
0x00550400,0x000f6d60,mnem,FUN_00550400,third-party-library[renderware],C1
0x00550790,0x000f6f00,prop-weak,FUN_00550790,util,C2
0x005507a0,0x000f6f10,prop-weak,FUN_005507a0,third-party-library[renderware],C1
0x00550910,0x000f6f20,prop-weak,FUN_00550910,save,C2
0x00550950,0x000f6f60,prop-weak,FUN_00550950,audio,C2
0x00550980,0x000f6f90,prop-weak,VfsStreamRead,save,C3
0x005509b0,0x000f6fc0,mnem,FUN_005509b0,audio,C2
0x00550af0,0x000f7100,prop-mnem,FUN_00550af0,audio,C2
0x00551090,0x000f7860,prop-weak,FUN_00551090,third-party-library[renderware],C1
0x005512b0,0x000f7980,mnem,FUN_005512b0,third-party-library[renderware],C1
0x00551510,0x000f7d30,byte-full,FUN_00551510,third-party-library[renderware],C1
0x005515a0,0x00011f00,prop-mnem,FUN_005515a0,third-party-library[renderware],C1
0x00551ce0,0x00011590,prop-weak,FUN_00551ce0,third-party-library[renderware],C1
0x00552020,0x000119a0,mnem,FUN_00552020,third-party-library[renderware],C1
0x005524a0,0x00012480,byte-full,FUN_005524a0,third-party-library[renderware],C1
0x00552750,0x0001a680,prop-weak,FontCtx_ResetTransform,hud,C2
0x00552a60,0x0001a7f0,prop-weak,FontSys_SetActiveCamera,hud,C3
0x00552b60,0x0001b000,byte-full,FontSys_InitSeq,hud,C2
0x00552d10,0x0001ab10,byte-full,FontMatrix_Push,hud,C3
0x00552d70,0x0001ab70,mnem,ViewportStackPop,render,C3
0x00553e80,0x0001c060,prop-weak,FUN_00553e80,third-party-library[renderware],C1
0x00553f40,0x0001c120,prop-weak,FontGlyph_UploadData,hud,C2
0x005540d0,0x0001c530,prop-weak,FontCanvas_Init,hud,C2
0x00555360,0x0001a560,string,FUN_00555360,hud,C2
0x005554d0,0x00019390,prop-weak,FUN_005554d0,hud,C2
0x005555b0,0x00019460,prop-weak,FUN_005555b0,render,C2
0x00555830,0x000196f0,prop-weak,FUN_00555830,hud,C2
0x00556cd0,0x00019840,prop-weak,GetDat00912a20,hud,C3
0x00556d20,0x00017ad0,prop-weak,FontSys_InitBuffers,hud,C2
0x00556e40,0x00017b20,prop-weak,FUN_00556e40,hud,C2
0x005571e0,0x0001ccb0,mnem,FontSys_InitFontPool,hud,C2
0x00557220,0x0001ccf0,byte-full,FontSys_ShutdownDataPools,hud,C2
0x00557250,0x0001cd20,prop-weak,FontSys_InitDataPools,hud,C2
0x005578a0,0x00046e10,prop-weak,FUN_005578a0,third-party-library[renderware],C1
0x00558100,0x00047040,prop-weak,FUN_00558100,gameplay,C2
0x005581f0,0x000788b0,mnem,FUN_005581f0,boot,C2
0x00559560,0x000b7240,prop-weak,FUN_00559560,third-party-library[RenderWare-Physics-3.7],C1
0x00559b50,0x000b7680,mnem,FUN_00559b50,third-party-library[RenderWare-Physics-3.7],C1
0x00559bc0,0x000b76f0,byte-full,FUN_00559bc0,third-party-library[RenderWare-Physics-3.7],C1
0x00559be0,0x000b7710,prop-weak,FUN_00559be0,third-party-library[RenderWare-Physics-3.7],C1
0x00559c00,0x000b7730,byte-full,FUN_00559c00,third-party-library[RenderWare-Physics-3.7],C1
0x00559c20,0x000b7750,prop-weak,FUN_00559c20,third-party-library[RenderWare-Physics-3.7],C1
0x0055abb0,0x000b7f40,prop-weak,FUN_0055abb0,third-party-library[RenderWare-Physics-3.7],C1
0x0055ae50,0x000b80f0,prop-weak,FUN_0055ae50,third-party-library[RenderWare-Physics-3.7],C1
0x0055b060,0x000b93d0,mnem,FUN_0055b060,third-party-library[RenderWare-Physics-3.7],C1
0x0055b800,0x000b9360,prop-weak,FUN_0055b800,third-party-library[RenderWare-Physics-3.7],C1
0x0055b930,0x000bc400,prop-mnem,FUN_0055b930,third-party-library[RenderWare-Physics-3.7],C1
0x0055bad0,0x000b9880,prop-mnem,FUN_0055bad0,third-party-library[RenderWare-Physics-3.7],C1
0x0055bd80,0x000b9c60,prop-weak,FUN_0055bd80,third-party-library[RenderWare-Physics-3.7],C1
0x0055deb0,0x000b8f60,prop-weak,FUN_0055deb0,third-party-library[RenderWare-Physics-3.7],C1
0x0055dec0,0x00080dd0,prop-weak,FUN_0055dec0,util,C3
0x0055df90,0x000bc610,prop-weak,FUN_0055df90,third-party-library[RenderWare-Physics-3.7],C1
0x0055dff0,0x000bc660,prop-weak,FUN_0055dff0,third-party-library[RenderWare-Physics-3.7],C1
0x0055e300,0x000b8d10,mnem,FUN_0055e300,third-party-library[RenderWare-Physics-3.7],C1
0x0055ff70,0x000bda70,byte-full,FUN_0055ff70,third-party-library[RenderWare-Physics-3.7],C1
0x00561ee0,0x000bc810,prop-weak,FUN_00561ee0,third-party-library[renderware],C1
0x00562460,0x000bce00,mnem,FUN_00562460,third-party-library[RenderWare-Physics-3.7],C1
0x00562580,0x000bceb0,mnem,FUN_00562580,third-party-library[RenderWare-Physics-3.7],C1
0x005625e0,0x000bce90,byte-full,FUN_005625e0,third-party-library[RenderWare-Physics-3.7],C1
0x00563840,0x000c2670,prop-weak,FUN_00563840,third-party-library[RenderWare-Physics-3.7],C1
0x00563940,0x000c2750,prop-weak,FUN_00563940,third-party-library[RenderWare-Physics-3.7],C1
0x00563de0,0x000c4460,byte-full,FUN_00563de0,third-party-library[RenderWare-Physics-3.7],C1
0x00567c00,0x000c6db0,mnem,FUN_00567c00,third-party-library[RenderWare-Physics-3.7],C1
0x0056b7a0,0x000cad10,prop-weak,FUN_0056b7a0,third-party-library[RenderWare-Physics-3.7],C1
0x0056b9d0,0x000caf10,mnem,FUN_0056b9d0,third-party-library[RenderWare-Physics-3.7],C1
0x0056ba30,0x000caf70,prop-weak,FUN_0056ba30,third-party-library[RenderWare-Physics-3.7],C1
0x0056bb30,0x000cb050,prop-weak,FUN_0056bb30,third-party-library[RenderWare-Physics-3.7],C1
0x0056ef30,0x000cb1f0,mnem,FUN_0056ef30,third-party-library[RenderWare-Physics-3.7],C1
0x00573670,0x000d43f0,prop-weak,FUN_00573670,third-party-library[RenderWare-Physics-3.7],C1
0x00575c60,0x000d9660,prop-weak,FUN_00575c60,third-party-library[RenderWare-Physics-3.7],C1
0x00576640,0x000d99f0,prop-weak,FUN_00576640,third-party-library[RenderWare-Physics-3.7],C1
0x0057c1b0,0x000c43f0,byte-full,FUN_0057c1b0,third-party-library[RenderWare-Physics-3.7],C1
0x0057c210,0x000b6d30,prop-mnem,FUN_0057c210,third-party-library[RenderWare-Physics-3.7],C1
0x0057c270,0x000b6db0,mnem,FUN_0057c270,third-party-library[RenderWare-Physics-3.7],C1
0x0057c2b0,0x000b6d00,byte-full,FUN_0057c2b0,third-party-library[RenderWare-Physics-3.7],C1
0x0057c370,0x000b6fe0,prop-weak,FUN_0057c370,third-party-library[RenderWare-Physics-3.7],C1
0x0057c440,0x000b6f20,prop-weak,FUN_0057c440,third-party-library[RenderWare-Physics-3.7],C1
0x0057c550,0x000b6e40,prop-weak,FUN_0057c550,third-party-library[RenderWare-Physics-3.7],C1
0x0057c5b0,0x00091630,prop-weak,qh_fprintf,third-party-library[qhull-2002.1],C1
0x0057c650,0x000916d0,byte-full,FUN_0057c650,third-party-library[qhull-2002.1],C1
0x0057c670,0x000916f0,prop-weak,FUN_0057c670,third-party-library[qhull-2002.1],C1
0x0057ca30,0x00091aa0,string,FUN_0057ca30,third-party-library[qhull-2002.1],C1
0x0057cae0,0x00091b60,prop-weak,FUN_0057cae0,third-party-library[qhull-2002.1],C1
0x0057cb30,0x00093990,string,qh_check_bestdist,third-party-library[qhull-2002.1],C1
0x0057ce90,0x00093cd0,string,FUN_0057ce90,third-party-library[qhull-2002.1],C1
0x0057d580,0x00094100,string,FUN_0057d580,third-party-library[qhull-2002.1],C1
0x0057d990,0x00091c40,string,FUN_0057d990,third-party-library[qhull-2002.1],C1
0x0057de60,0x000944c0,string,FUN_0057de60,third-party-library[qhull-2002.1],C1
0x0057e750,0x00092110,prop-weak,FUN_0057e750,third-party-library[qhull-2002.1],C1
0x0057e820,0x00094d80,string,FUN_0057e820,third-party-library[qhull-2002.1],C1
0x0057ec70,0x000921e0,string,FUN_0057ec70,third-party-library[qhull-2002.1],C1
0x0057ed80,0x000922f0,prop-weak,FUN_0057ed80,third-party-library[qhull-2002.1],C1
0x0057f030,0x00092380,prop-weak,FUN_0057f030,third-party-library[qhull-2002.1],C1
0x0057f080,0x000923d0,byte-full,FUN_0057f080,third-party-library[qhull-2002.1],C1
0x0057f0c0,0x00095370,string,FUN_0057f0c0,third-party-library[qhull-2002.1],C1
0x0057f200,0x000954b0,string,FUN_0057f200,third-party-library[qhull-2002.1],C1
0x0057f4e0,0x00095780,string,FUN_0057f4e0,third-party-library[qhull-2002.1],C1
0x0057f860,0x00092410,string,FUN_0057f860,third-party-library[qhull-2002.1],C1
0x0057f940,0x000924e0,mnem,FUN_0057f940,third-party-library[qhull-2002.1],C1
0x0057f970,0x00096990,string,FUN_0057f970,third-party-library[qhull-2002.1],C1
0x00580090,0x00095a90,string,FUN_00580090,third-party-library[qhull-2002.1],C1
0x005803a0,0x00095db0,prop-weak,FUN_005803a0,third-party-library[qhull-2002.1],C1
0x005808a0,0x00096200,string,FUN_005808a0,third-party-library[qhull-2002.1],C1
0x00580ac0,0x00092540,string,FUN_00580ac0,third-party-library[qhull-2002.1],C1
0x00580ea0,0x00092920,prop-weak,FUN_00580ea0,third-party-library[qhull-2002.1],C1
0x00580fc0,0x00092a40,string,FUN_00580fc0,third-party-library[qhull-2002.1],C1
0x00581120,0x00092bb0,prop-weak,FUN_00581120,third-party-library[qhull-2002.1],C1
0x00581170,0x00092cd0,prop-weak,FUN_00581170,third-party-library[qhull-2002.1],C1
0x005811e0,0x00092d40,string,FUN_005811e0,third-party-library[qhull-2002.1],C1
0x00581290,0x00092e50,byte-prefix,FUN_00581290,third-party-library[qhull-2002.1],C1
0x005815f0,0x00093030,prop-weak,FUN_005815f0,third-party-library[qhull-2002.1],C1
0x00581680,0x000930c0,string,FUN_00581680,third-party-library[qhull-2002.1],C1
0x005817f0,0x00093240,string,FUN_005817f0,third-party-library[qhull-2002.1],C1
0x00581930,0x00093380,prop-weak,FUN_00581930,third-party-library[qhull-2002.1],C1
0x00581a40,0x00096360,string,FUN_00581a40,third-party-library[qhull-2002.1],C1
0x00581ff0,0x00093480,prop-weak,FUN_00581ff0,third-party-library[qhull-2002.1],C1
0x00582220,0x00093700,string,FUN_00582220,third-party-library[qhull-2002.1],C1
0x005822f0,0x000937d0,string,FUN_005822f0,third-party-library[qhull-2002.1],C1
0x00582420,0x00093860,prop-weak,FUN_00582420,third-party-library[qhull-2002.1],C1
0x005824a0,0x000938e0,string,FUN_005824a0,third-party-library[qhull-2002.1],C1
0x00582680,0x00097b40,prop-weak,FUN_00582680,third-party-library[qhull-2002.1],C1
0x005827f0,0x00097c30,prop-weak,FUN_005827f0,third-party-library[qhull-2002.1],C1
0x00582840,0x00097600,string,FUN_00582840,third-party-library[qhull-2002.1],C1
0x00582a60,0x00096e70,prop-weak,FUN_00582a60,third-party-library[qhull-2002.1],C1
0x00582ac0,0x00096ed0,prop-weak,FUN_00582ac0,third-party-library[qhull-2002.1],C1
0x00582ce0,0x00096f10,prop-weak,FUN_00582ce0,third-party-library[qhull-2002.1],C1
0x00582d40,0x00096f70,prop-weak,FUN_00582d40,third-party-library[qhull-2002.1],C1
0x00582e10,0x00097050,prop-weak,FUN_00582e10,third-party-library[qhull-2002.1],C1
0x00582e70,0x000970b0,prop-weak,FUN_00582e70,third-party-library[qhull-2002.1],C1
0x00582ed0,0x00097110,mnem,FUN_00582ed0,third-party-library[qhull-2002.1],C1
0x00582f00,0x00097140,mnem,FUN_00582f00,third-party-library[qhull-2002.1],C1
0x00582f30,0x00097170,prop-weak,FUN_00582f30,third-party-library[qhull-2002.1],C1
0x00583070,0x000971c0,prop-weak,FUN_00583070,third-party-library[qhull-2002.1],C1
0x005830a0,0x000971f0,prop-weak,FUN_005830a0,third-party-library[qhull-2002.1],C1
0x00583330,0x00097290,byte-prefix,FUN_00583330,third-party-library[qhull-2002.1],C1
0x005834a0,0x00097a90,prop-weak,FUN_005834a0,third-party-library[qhull-2002.1],C2
0x00584070,0x0009d5f0,string,FUN_00584070,third-party-library[qhull-2002.1],C1
0x00584230,0x0009d7b0,string,FUN_00584230,third-party-library[qhull-2002.1],C1
0x00584430,0x0009d0d0,byte-prefix,FUN_00584430,third-party-library[qhull-2002.1],C1
0x005846e0,0x00097e50,string,FUN_005846e0,third-party-library[qhull-2002.1],C1
0x00584880,0x00097fd0,prop-weak,FUN_00584880,third-party-library[qhull-2002.1],C1
0x00584950,0x000980b0,string,FUN_00584950,third-party-library[qhull-2002.1],C1
0x00584c50,0x00098470,string,FUN_00584c50,third-party-library[qhull-2002.1],C1
0x00584d80,0x00098680,string,FUN_00584d80,third-party-library[qhull-2002.1],C1
0x00584f40,0x0009b770,string,FUN_00584f40,third-party-library[qhull-2002.1],C1
0x00585380,0x00098a70,string,FUN_00585380,third-party-library[qhull-2002.1],C1
0x00585660,0x0009d380,string,FUN_00585660,third-party-library[qhull-2002.1],C1
0x00585890,0x0009c4d0,string,FUN_00585890,third-party-library[qhull-2002.1],C1
0x00585b60,0x0009ae10,prop-weak,FUN_00585b60,third-party-library[qhull-2002.1],C1
0x00585d70,0x0009afe0,prop-weak,FUN_00585d70,third-party-library[qhull-2002.1],C1
0x00585ee0,0x00098d30,prop-weak,FUN_00585ee0,third-party-library[qhull-2002.1],C1
0x00586040,0x00098e90,prop-weak,FUN_00586040,third-party-library[qhull-2002.1],C1
0x00586190,0x00099040,string,FUN_00586190,third-party-library[qhull-2002.1],C1
0x00586340,0x0009c7b0,string,FUN_00586340,third-party-library[qhull-2002.1],C1
0x00586640,0x0009cab0,string,FUN_00586640,third-party-library[qhull-2002.1],C1
0x005868a0,0x0009bb10,string,FUN_005868a0,third-party-library[qhull-2002.1],C1
0x00586b90,0x0009cd30,string,FUN_00586b90,third-party-library[qhull-2002.1],C1
0x00586d90,0x0009b150,string,FUN_00586d90,third-party-library[qhull-2002.1],C1
0x00586e80,0x00099300,string,FUN_00586e80,third-party-library[qhull-2002.1],C1
0x005870c0,0x00099550,string,FUN_005870c0,third-party-library[qhull-2002.1],C1
0x00587370,0x00099830,string,FUN_00587370,third-party-library[qhull-2002.1],C1
0x005874f0,0x0009bd30,string,FUN_005874f0,third-party-library[qhull-2002.1],C1
0x00587ad0,0x000999b0,string,FUN_00587ad0,third-party-library[qhull-2002.1],C1
0x00587c20,0x00099b00,string,FUN_00587c20,third-party-library[qhull-2002.1],C1
0x00587d30,0x00099c10,prop-weak,FUN_00587d30,third-party-library[qhull-2002.1],C1
0x00587e00,0x0009b250,string,FUN_00587e00,third-party-library[qhull-2002.1],C1
0x005882e0,0x00099d60,string,FUN_005882e0,third-party-library[qhull-2002.1],C1
0x00588440,0x00099e60,string,FUN_00588440,third-party-library[qhull-2002.1],C1
0x005885a0,0x00099fd0,string,FUN_005885a0,third-party-library[qhull-2002.1],C1
0x005888f0,0x0009a150,string,FUN_005888f0,third-party-library[qhull-2002.1],C1
0x00588a90,0x0009c2f0,string,FUN_00588a90,third-party-library[qhull-2002.1],C1
0x00588ce0,0x0009a2f0,string,FUN_00588ce0,third-party-library[qhull-2002.1],C1
0x00588e70,0x0009a410,string,FUN_00588e70,third-party-library[qhull-2002.1],C1
0x00589080,0x0009a630,string,FUN_00589080,third-party-library[qhull-2002.1],C1
0x005893a0,0x0009a930,string,FUN_005893a0,third-party-library[qhull-2002.1],C1
0x00589500,0x0009aa80,string,FUN_00589500,third-party-library[qhull-2002.1],C1
0x00589650,0x0009ac60,prop-weak,FUN_00589650,third-party-library[qhull-2002.1],C1
0x00589890,0x0009add0,prop-weak,FUN_00589890,third-party-library[qhull-2002.1],C1
0x005898d0,0x0009d9a0,string,FUN_005898d0,third-party-library[qhull-2002.1],C1
0x00589b00,0x0009dba0,string,FUN_00589b00,third-party-library[qhull-2002.1],C1
0x00589dc0,0x0009de80,mnem,FUN_00589dc0,third-party-library[qhull-2002.1],C1
0x00589e20,0x000a1640,prop-weak,FUN_00589e20,third-party-library[qhull-2002.1],C1
0x00589fa0,0x0009e390,string,FUN_00589fa0,third-party-library[qhull-2002.1],C1
0x0058d810,0x000a07b0,string,FUN_0058d810,third-party-library[qhull-2002.1],C1
0x0058e7b0,0x0009e0b0,prop-weak,FUN_0058e7b0,third-party-library[qhull-2002.1],C1
0x0058e940,0x000a1240,string,FUN_0058e940,third-party-library[qhull-2002.1],C1
0x0058ed00,0x0009e230,prop-weak,FUN_0058ed00,third-party-library[qhull-2002.1],C1
0x0058edf0,0x0009e330,byte-full,FUN_0058edf0,third-party-library[qhull-2002.1],C1
0x0058ee20,0x0009e360,byte-full,FUN_0058ee20,third-party-library[qhull-2002.1],C1
0x0058ee50,0x000a17f0,string,FUN_0058ee50,third-party-library[qhull-2002.1],C1
0x0058f010,0x000a19a0,prop-weak,FUN_0058f010,third-party-library[qhull-2002.1],C1
0x0058f0a0,0x000a1a30,prop-weak,FUN_0058f0a0,third-party-library[qhull-2002.1],C1
0x0058f140,0x000a1ac0,prop-weak,FUN_0058f140,third-party-library[qhull-2002.1],C1
0x0058f160,0x000a1ae0,string,FUN_0058f160,third-party-library[qhull-2002.1],C1
0x0058f240,0x000a1bc0,string,FUN_0058f240,third-party-library[qhull-2002.1],C1
0x0058f360,0x000a1cc0,string,FUN_0058f360,third-party-library[qhull-2002.1],C1
0x0058f3f0,0x000a1d50,string,FUN_0058f3f0,third-party-library[qhull-2002.1],C1
0x0058f520,0x000a1e90,string,FUN_0058f520,third-party-library[qhull-2002.1],C1
0x0058f6a0,0x000a2210,string,FUN_0058f6a0,third-party-library[qhull-2002.1],C1
0x0058f8e0,0x000a2000,byte-full,FUN_0058f8e0,third-party-library[qhull-2002.1],C1
0x0058fa50,0x000a2170,prop-weak,FUN_0058fa50,third-party-library[qhull-2002.1],C1
0x0058fae0,0x000a8c90,string,FUN_0058fae0,third-party-library[qhull-2002.1],C1
0x0058fd40,0x000a8420,string,FUN_0058fd40,third-party-library[qhull-2002.1],C1
0x005901f0,0x000a8ab0,prop-weak,FUN_005901f0,third-party-library[qhull-2002.1],C1
0x005903e0,0x000a88c0,string,FUN_005903e0,third-party-library[qhull-2002.1],C1
0x005905d0,0x000a64e0,string,FUN_005905d0,third-party-library[qhull-2002.1],C1
0x00590900,0x000a6810,mnem,FUN_00590900,third-party-library[qhull-2002.1],C1
0x00590930,0x000a73e0,string,FUN_00590930,third-party-library[qhull-2002.1],C1
0x00590dc0,0x000a6840,string,FUN_00590dc0,third-party-library[qhull-2002.1],C1
0x00591020,0x000a7b40,string,FUN_00591020,third-party-library[qhull-2002.1],C1
0x005913c0,0x000a7ef0,string,FUN_005913c0,third-party-library[qhull-2002.1],C1
0x00591710,0x000a7840,string,FUN_00591710,third-party-library[qhull-2002.1-continuation],C2
0x00591a80,0x000a8220,string,FUN_00591a80,third-party-library[qhull-2002.1-continuation],C2
0x00591c80,0x000a6aa0,prop-weak,FUN_00591c80,third-party-library[qhull-2002.1-continuation],C2
0x00591ce0,0x000a6b00,string,FUN_00591ce0,third-party-library[qhull-2002.1-continuation],C2
0x005925d0,0x000abf90,prop-weak,FUN_005925d0,third-party-library[qhull-2002.1-continuation],C2
0x00592690,0x000ac060,string,FUN_00592690,third-party-library[qhull-2002.1-continuation],C2
0x005929c0,0x000ae600,string,FUN_005929c0,third-party-library[qhull-2002.1-continuation],C2
0x00592fc0,0x000ac210,string,FUN_00592fc0,third-party-library[qhull-2002.1-continuation],C2
0x005931a0,0x000aebc0,prop-weak,FUN_005931a0,third-party-library[qhull-2002.1-continuation],C2
0x005932c0,0x000ac490,string,FUN_005932c0,third-party-library[qhull-2002.1-continuation],C2
0x005934d0,0x000aece0,prop-weak,FUN_005934d0,third-party-library[qhull-2002.1-continuation],C2
0x00593540,0x000ac740,string,FUN_00593540,third-party-library[qhull-2002.1-continuation],C2
0x00593730,0x000aed50,string,FUN_00593730,third-party-library[qhull-2002.1-continuation],C2
0x00593990,0x000aca90,prop-weak,FUN_00593990,third-party-library[qhull-2002.1-continuation],C2
0x00593a60,0x000aeee0,string,FUN_00593a60,third-party-library[qhull-2002.1-continuation],C2
0x00593e30,0x000af1e0,string,FUN_00593e30,third-party-library[qhull-2002.1-continuation],C2
0x00594080,0x000acbc0,prop-weak,FUN_00594080,third-party-library[qhull-2002.1-continuation],C2
0x005940e0,0x000acc20,string,FUN_005940e0,third-party-library[qhull-2002.1-continuation],C2
0x00594490,0x000acff0,prop-weak,FUN_00594490,third-party-library[qhull-2002.1-continuation],C2
0x005946a0,0x000ad1d0,prop-weak,FUN_005946a0,third-party-library[qhull-2002.1-continuation],C2
0x005947c0,0x000af3e0,string,FUN_005947c0,third-party-library[qhull-2002.1-continuation],C2
0x00594b50,0x000ad300,string,FUN_00594b50,third-party-library[qhull-2002.1-continuation],C2
0x00594cd0,0x000ad450,byte-full,FUN_00594cd0,third-party-library[qhull-2002.1-continuation],C2
0x00594ec0,0x000ad540,string,FUN_00594ec0,third-party-library[qhull-2002.1-continuation],C2
0x00595090,0x000ad610,string,FUN_00595090,third-party-library[qhull-2002.1-continuation],C2
0x00595240,0x000ad7b0,string,FUN_00595240,third-party-library[qhull-2002.1-continuation],C2
0x005955a0,0x000adba0,string,FUN_005955a0,third-party-library[qhull-2002.1-continuation],C2
0x00595870,0x000ade60,string,FUN_00595870,third-party-library[qhull-2002.1-continuation],C2
0x00595950,0x000adf30,prop-weak,FUN_00595950,third-party-library[qhull-2002.1-continuation],C2
0x00595a80,0x000ae060,string,FUN_00595a80,third-party-library[qhull-2002.1-continuation],C2
0x00595f10,0x000a3f50,string,FUN_00595f10,third-party-library[qhull-2002.1-continuation],C2
0x005960d0,0x000a5ab0,string,FUN_005960d0,third-party-library[qhull-2002.1-continuation],C2
0x005964e0,0x000a4170,string,FUN_005964e0,third-party-library[qhull-2002.1-continuation],C2
0x00596850,0x000a44b0,string,FUN_00596850,third-party-library[qhull-2002.1-continuation],C2
0x00596b90,0x000a47e0,string,FUN_00596b90,third-party-library[qhull-2002.1-continuation],C2
0x00596d40,0x000a4a20,string,FUN_00596d40,third-party-library[qhull-2002.1-continuation],C2
0x00596f60,0x000a4d30,prop-weak,FUN_00596f60,third-party-library[qhull-2002.1-continuation],C2
0x00596ff0,0x000a4dd0,prop-weak,FUN_00596ff0,third-party-library[qhull-2002.1-continuation],C2
0x00597210,0x000a4e90,prop-weak,FUN_00597210,third-party-library[qhull-2002.1-continuation],C2
0x00597330,0x000a5f60,prop-mnem,FUN_00597330,third-party-library[qhull-2002.1-continuation],C2
0x00597350,0x000a4fb0,prop-weak,FUN_00597350,third-party-library[qhull-2002.1-continuation],C2
0x00597650,0x000a52e0,prop-weak,FUN_00597650,third-party-library[qhull-2002.1-continuation],C2
0x005976c0,0x000a5f80,string,FUN_005976c0,third-party-library[qhull-2002.1-continuation],C2
0x00597c10,0x000a5360,string,FUN_00597c10,third-party-library[qhull-2002.1-continuation],C2
0x00598070,0x000a5940,string,FUN_00598070,third-party-library[qhull-2002.1-continuation],C2
0x005981c0,0x000a8ee0,string,FUN_005981c0,third-party-library[qhull-2002.1-continuation],C2
0x005984d0,0x000a91f0,string,FUN_005984d0,third-party-library[qhull-2002.1-continuation],C2
0x00598980,0x000a96a0,string,FUN_00598980,third-party-library[qhull-2002.1-continuation],C2
0x00598ea0,0x000a9bc0,string,FUN_00598ea0,third-party-library[qhull-2002.1-continuation],C2
0x00599290,0x000a9fb0,string,FUN_00599290,third-party-library[qhull-2002.1-continuation],C2
0x005994a0,0x000aa1b0,string,FUN_005994a0,third-party-library[qhull-2002.1-continuation],C2
0x00599760,0x000aa460,string,FUN_00599760,third-party-library[qhull-2002.1-continuation],C2
0x00599bf0,0x000aa8f0,string,FUN_00599bf0,third-party-library[qhull-2002.1-continuation],C2
0x00599f60,0x000aac60,string,FUN_00599f60,third-party-library[qhull-2002.1-continuation],C2
0x0059a3a0,0x000ab090,string,FUN_0059a3a0,third-party-library[qhull-2002.1-continuation],C2
0x0059a720,0x000ab400,byte-full,FUN_0059a720,third-party-library[qhull-2002.1-continuation],C2
0x0059a740,0x000ab420,prop-weak,FUN_0059a740,third-party-library[qhull-2002.1-continuation],C2
0x0059abe0,0x000ab8b0,byte-prefix,FUN_0059abe0,third-party-library[qhull-2002.1-continuation],C2
0x0059ad80,0x000abf60,byte-full,FUN_0059ad80,third-party-library[qhull-2002.1-continuation],C2
0x0059adb0,0x000abcc0,string,FUN_0059adb0,third-party-library[qhull-2002.1-continuation],C2
0x0059b0e0,0x000aba30,string,FUN_0059b0e0,third-party-library[qhull-2002.1-continuation],C2
0x0059b360,0x000a2450,mnem,FUN_0059b360,third-party-library[qhull-2002.1-continuation],C2
0x0059b460,0x000a2540,string,FUN_0059b460,third-party-library[qhull-2002.1],C2
0x0059b6d0,0x000a27c0,prop-weak,FUN_0059b6d0,third-party-library[qhull-2002.1],C2
0x0059b9a0,0x000a33a0,byte-prefix,FUN_0059b9a0,third-party-library[qhull-2002.1],C2
0x0059bab0,0x000a2890,string,FUN_0059bab0,third-party-library[qhull-2002.1],C2
0x0059bc20,0x000a2a10,prop-weak,FUN_0059bc20,third-party-library[qhull-2002.1],C2
0x0059bd30,0x000a2b50,prop-weak,FUN_0059bd30,third-party-library[qhull-2002.1],C2
0x0059bda0,0x000a3530,string,FUN_0059bda0,third-party-library[qhull-2002.1],C2
0x0059c470,0x000a38d0,string,FUN_0059c470,third-party-library[qhull-2002.1],C2
0x0059c7f0,0x000a3c40,string,FUN_0059c7f0,third-party-library[qhull-2002.1],C2
0x0059cb00,0x000a2bc0,string,FUN_0059cb00,third-party-library[qhull-2002.1],C2
0x0059cca0,0x000a2d60,string,FUN_0059cca0,third-party-library[qhull-2002.1],C2
0x0059cd70,0x000a2e30,prop-weak,FUN_0059cd70,third-party-library[qhull-2002.1],C2
0x0059cde0,0x000a2ea0,prop-weak,FUN_0059cde0,third-party-library[qhull-2002.1],C2
0x0059ce60,0x000a2f20,prop-weak,FUN_0059ce60,third-party-library[qhull-2002.1],C2
0x0059ced0,0x000a2f90,string,FUN_0059ced0,third-party-library[qhull-2002.1],C2
0x0059d1d0,0x000b6ae0,byte-prefix,FUN_0059d1d0,third-party-library[qhull-2002.1],C2
0x0059d6b0,0x000af870,string,FUN_0059d6b0,third-party-library[qhull-2002.1],C2
0x0059dc80,0x000b0090,prop-weak,FUN_0059dc80,third-party-library[qhull-2002.1],C2
0x0059dd80,0x000b0160,string,FUN_0059dd80,third-party-library[qhull-2002.1],C2
0x0059df50,0x000b0340,string,FUN_0059df50,third-party-library[qhull-2002.1],C2
0x0059e500,0x000b0770,byte-prefix,FUN_0059e500,third-party-library[qhull-2002.1],C2
0x0059eb00,0x000b0950,string,FUN_0059eb00,third-party-library[qhull-2002.1],C2
0x0059ec20,0x000b5cd0,string,FUN_0059ec20,third-party-library[qhull-2002.1],C2
0x0059f5d0,0x000b4fe0,string,FUN_0059f5d0,third-party-library[qhull-2002.1],C2
0x005a0e00,0x000b0a70,prop-weak,qh_printcenter,third-party-library[qhull-2002.1],C1
0x005a0f70,0x000b3930,string,FUN_005a0f70,third-party-library[qhull-2002.1],C1
0x005a1300,0x000b3ba0,string,qh_printend,third-party-library[qhull-2002.1],C1
0x005a14a0,0x000b1fe0,prop-weak,FUN_005a14a0,third-party-library[qhull-2002.1],C1
0x005a1720,0x000b2250,byte-prefix,qh_printincidences,third-party-library[qhull-2002.1],C1
0x005a1810,0x000b2350,string,qh_printextremes_2d,third-party-library[qhull-2002.1],C1
0x005a1990,0x000b24d0,prop-weak,qh_printextremes,third-party-library[qhull-2002.1],C1
0x005a1aa0,0x000b5ca0,byte-full,qh_printfacet,third-party-library[qhull-2002.1],C1
0x005a2500,0x000b0f30,string,qh_printfacet2math,third-party-library[qhull-2002.1],C1
0x005a2c60,0x000b45a0,string,FUN_005a2c60,third-party-library[qhull-2002.1],C1
0x005a34e0,0x000b4b70,string,qh_printfacetridges,third-party-library[qhull-2002.1],C1
0x005a3990,0x000b64c0,string,FUN_005a3990,third-party-library[qhull-2002.1],C1
0x005a3ea0,0x000b1350,prop-weak,qh_printhelp_singularity,third-party-library[qhull-2002.1],C1
0x005a3f80,0x000b4d80,string,qh_printhelp_degenerate,third-party-library[qhull-2002.1],C1
0x005a4240,0x000b26e0,string,FUN_005a4240,third-party-library[qhull-2002.1],C1
0x005a4d40,0x000b3160,prop-weak,qh_printvdiagram,third-party-library[qhull-2002.1],C1
0x005a4e00,0x000b14d0,prop-weak,qh_eachvoronoi_all,third-party-library[qhull-2002.1],C1
0x005a4ed0,0x000b15b0,string,qh_printvertex,third-party-library[qhull-2002.1],C1
0x005a5020,0x000b3290,prop-weak,FUN_005a5020,third-party-library[qhull-2002.1],C2
0x005a52c0,0x000b3530,string,FUN_005a52c0,third-party-library[qhull-2002.1],C2
0x005a56e0,0x000b1770,string,FUN_005a56e0,third-party-library[qhull-2002.1],C2
0x005a5820,0x000b1920,string,FUN_005a5820,third-party-library[qhull-2002.1],C2
0x005a60b0,0x000e1780,mnem,FUN_005a60b0,audio,C2
0x005a60e0,0x000e17b0,byte-full,FUN_005a60e0,audio,C2
0x005a6190,0x000e1860,mnem,FUN_005a6190,audio,C2
0x005a61b0,0x000e1880,prop-weak,FUN_005a61b0,audio,C2
0x005a65a0,0x000e21d0,byte-full,FUN_005a65a0,audio,C2
0x005a6d60,0x000e3d40,prop-weak,FUN_005a6d60,audio,C2
0x005a6d90,0x000e3d70,prop-weak,FUN_005a6d90,audio,C2
0x005a6dc0,0x000e3da0,byte-full,FUN_005a6dc0,audio,C2
0x005a6df0,0x000e3dd0,byte-full,FUN_005a6df0,audio,C2
0x005a6e10,0x000e3df0,mnem,FUN_005a6e10,audio,C2
0x005a6ea0,0x000e2a90,prop-weak,FUN_005a6ea0,audio,C2
0x005a6f30,0x000e3070,prop-weak,FUN_005a6f30,audio,C2
0x005a7460,0x000e2d60,prop-weak,FUN_005a7460,audio,C2
0x005a7a40,0x000e1af0,byte-full,FUN_005a7a40,audio,C2
0x005a7a60,0x000e1b10,prop-weak,FUN_005a7a60,audio,C2
0x005a7aa0,0x000e1b50,byte-full,FUN_005a7aa0,audio,C2
0x005a7af0,0x000e1ba0,byte-full,FUN_005a7af0,audio,C2
0x005a7b40,0x000e1bf0,byte-full,FUN_005a7b40,audio,C2
0x005a7e70,0x000e1c10,byte-full,FUN_005a7e70,audio,C2
0x005a8e70,0x000e3f60,mnem,FUN_005a8e70,audio,C2
0x005a9be0,0x000e5540,prop-weak,FUN_005a9be0,audio,C2
0x005a9d00,0x000e55a0,prop-weak,FUN_005a9d00,audio,C2
0x005a9e10,0x000e5180,byte-full,AudioSubStructTwoCallInit,audio,C3
0x005a9e40,0x000e51b0,mnem,FUN_005a9e40,audio,C2
0x005a9f10,0x000e5270,mnem,FUN_005a9f10,audio,C2
0x005a9f60,0x000e52c0,prop-weak,FUN_005a9f60,audio,C2
0x005aa030,0x000e5350,prop-weak,FUN_005aa030,audio,C2
0x005aa560,0x000e3940,prop-weak,FUN_005aa560,audio,C2
0x005aa7a0,0x000e3390,prop-weak,FUN_005aa7a0,audio,C2
0x005aa7e0,0x000e3780,prop-weak,FUN_005aa7e0,audio,C2
0x005aa8a0,0x000e3830,mnem,FUN_005aa8a0,audio,C2
0x005aa900,0x000e3440,prop-weak,FUN_005aa900,audio,C2
0x005aaac0,0x000e3510,prop-weak,FUN_005aaac0,audio,C2
0x005aab00,0x000e3550,prop-weak,FUN_005aab00,audio,C2
0x005aab70,0x000e35c0,prop-weak,FUN_005aab70,audio,C2
0x005aabe0,0x000e3650,prop-mnem,FUN_005aabe0,audio,C2
0x005aad40,0x000e3770,prop-weak,FUN_005aad40,audio,C3
0x005abf80,0x000eb420,byte-full,AudioWaveVtableSlot1cDispatch,audio,C3
0x005ac7b0,0x000ec020,byte-full,AudioSubStructDualInit,audio,C3
0x005ac880,0x000ec050,byte-prefix,FUN_005ac880,audio,C2
0x005acda0,0x000ec7c0,prop-weak,FUN_005acda0,audio,C2
0x005ad080,0x000ebe10,mnem,FUN_005ad080,audio,C2
0x005ad2e0,0x000ea0b0,prop-weak,FUN_005ad2e0,audio,C2
0x005ad540,0x000e1ac0,byte-full,FUN_005ad540,audio,C2
0x005ad5f0,0x000ea3a0,prop-weak,FUN_005ad5f0,audio,C2
0x005ad6f0,0x000e4aa0,prop-weak,FUN_005ad6f0,audio,C2
0x005ad730,0x000e4ae0,prop-weak,FUN_005ad730,audio,C2
0x005ad770,0x000e4ca0,prop-weak,FUN_005ad770,audio,C2
0x005ad8b0,0x000e4b20,prop-weak,FUN_005ad8b0,audio,C2
0x005ad8d0,0x000e4b40,prop-weak,FUN_005ad8d0,audio,C2
0x005ad910,0x000e4dd0,prop-weak,FUN_005ad910,audio,C2
0x005ad980,0x000e4e40,mnem,FUN_005ad980,audio,C2
0x005ad9d0,0x000e4e90,prop-weak,FUN_005ad9d0,audio,C2
0x005ada40,0x000e4b70,prop-weak,FUN_005ada40,audio,C2
0x005adbe0,0x000e4c70,mnem,FUN_005adbe0,audio,C2
0x005adc10,0x000e4f00,prop-weak,FUN_005adc10,audio,C2
0x005add60,0x000e5050,byte-full,FUN_005add60,audio,C2
0x005addd0,0x000ec8e0,mnem,AudioListInsertHead,audio,C3
0x005ade10,0x000ec920,prop-weak,AudioListRemoveByValue,audio,C3
0x005ade60,0x000ec970,prop-weak,AudioListIndexOfKey,audio,C3
0x005aded0,0x000ec9e0,prop-weak,AudioListNodeCount,audio,C3
0x005adf30,0x000eca40,mnem,AudioFmtKeyCompare,audio,C3
0x005adf60,0x000eca70,prop-weak,FUN_005adf60,audio,C2
0x005adfe0,0x000ecc60,prop-weak,AudioSubStructLinkBuffer,audio,C3
0x005ae010,0x000ecc80,prop-weak,AudioSubStructLinkDevice,audio,C3
0x005ae030,0x000ecca0,byte-full,AudioSubStructCleanup,audio,C3
0x005ae050,0x000ecae0,mnem,AudioSubStructBFree,audio,C3
0x005ae080,0x000ecb10,mnem,AudioSubStructAFree,audio,C3
0x005ae0b0,0x000ecb40,prop-mnem,AudioSubStructZeroInit,audio,C3
0x005ae300,0x000ece60,prop-weak,FUN_005ae300,audio,C2
0x005ae330,0x000ece90,prop-weak,FUN_005ae330,audio,C2
0x005ae3a0,0x000ecee0,prop-weak,FUN_005ae3a0,audio,C2
0x005ae4c0,0x000ecd70,prop-weak,FUN_005ae4c0,audio,C2
0x005ae780,0x000ed2b0,prop-weak,AudioPoolDestroy,audio,C3
0x005ae7e0,0x000ed310,prop-weak,FUN_005ae7e0,audio,C2
0x005ae800,0x000ed0a0,prop-weak,AudioPoolBlockAlloc,audio,C3
0x005ae920,0x000ed1d0,prop-weak,AudioPoolFree,audio,C3
0x005aea40,0x000ed610,byte-full,AudioAlignedFree,audio,C3
0x005aeb80,0x000ed670,prop-mnem,FUN_005aeb80,audio,C2
0x005aee20,0x000ea050,mnem,AudioBitScanForward,audio,C4
0x005aeea0,0x000e9ce0,mnem,AudioSemaphoreCreate,audio,C3
0x005b0e70,0x000e7960,mnem,FUN_005b0e70,audio,C2
0x005b0ec0,0x000e79b0,mnem,FUN_005b0ec0,audio,C2
0x005b0f40,0x000e7a30,prop-mnem,FUN_005b0f40,audio,C2
0x005b1080,0x000e7b00,byte-full,FUN_005b1080,audio,C2
0x005b10a0,0x000e7b20,prop-weak,FUN_005b10a0,audio,C2
0x005b10e0,0x000e7b60,prop-weak,FUN_005b10e0,audio,C2
0x005b1110,0x000e7b90,byte-full,FUN_005b1110,audio,C2
0x005b1140,0x000e7bc0,byte-full,FUN_005b1140,audio,C2
0x005b1160,0x000e7be0,byte-full,FUN_005b1160,audio,C2
0x005b11f0,0x000e7ce0,byte-full,FUN_005b11f0,audio,C2
0x005b3300,0x000e8af0,prop-weak,FUN_005b3300,audio,C2
0x005b3550,0x000ed840,prop-weak,FUN_005b3550,audio,C2
0x005b35a0,0x000ed700,prop-weak,FUN_005b35a0,audio,C3
0x005b3620,0x000ed780,prop-weak,FUN_005b3620,audio,C2
0x005b3a00,0x000ef520,prop-weak,FUN_005b3a00,audio,C2
0x005b3b60,0x000ef680,mnem,FUN_005b3b60,audio,C2
0x005b7010,0x000ed880,mnem,FUN_005b7010,audio,C2
0x005b7880,0x000ee6c0,byte-full,FUN_005b7880,audio,C2
0x005b7e20,0x000ee5c0,byte-full,FUN_005b7e20,audio,C2
0x005bbb20,0x000f28e0,mnem,FUN_005bbb20,audio,C2
0x005bbb70,0x000f28a0,prop-mnem,FUN_005bbb70,audio,C2
0x005c1926,0x00106ccc,prop-weak,FUN_005c1926,third-party-library[msvc-crt-tail],C2
0x005c1a40,0x00108785,prop-weak,FUN_005c1a40,third-party-library[msvc-crt-tail],C2
0x005c1cb7,0x001089e7,byte-full,FUN_005c1cb7,third-party-library[msvc-crt-tail],C2
0x005c1dd3,0x000fad9b,mnem,FID_conflict:_fwprintf,boot,C2
0x005c1e27,0x000fadef,prop-mnem,FUN_005c1e27,boot,C2
0x005c1e31,0x000fabce,mnem,FID_conflict:_ungetc,boot,C2
0x005c1ea0,0x000f926c,mnem,_longjmp,boot,C2
0x005c1f1c,0x000f91f0,mnem,__setjmp3,boot,C2
0x005c1f97,0x000f95ba,prop-weak,_strtod,boot,C2
0x005c21e2,0x000fb03e,mnem,_frexp,boot,C2
0x005c229b,0x000fb2a1,mnem,_rand,boot,C2
0x005c2300,0x000fa7f0,mnem,_strncat,boot,C2
0x005c2470,0x000fa210,byte-prefix,shortsort,boot,C2
0x005c24e0,0x000fa280,prop-weak,FUN_005c24e0,boot,C2
0x005c2770,0x000fbb8c,mnem,FUN_005c2770,boot,C2
0x005c2a45,0x000fb426,mnem,_localtime,boot,C2
0x005c2bc5,0x000fb5a6,prop-weak,strtoxl,boot,C2
0x005c2d84,0x000fb74f,byte-full,_strtol,boot,C2
0x005c2f26,0x000f90a0,byte-full,_wcscmp,boot,C2
0x005c2f58,0x000f9059,byte-full,FUN_005c2f58,boot,C2
0x005c318c,0x000fd99c,mnem,__rt_probe_read4@4,boot,C2
0x005c3340,0x000fec90,byte-full,__cintrindisp2,boot,C2
0x005c337e,0x000fecce,byte-full,__cintrindisp1,boot,C2
0x005c33bb,0x000fed0b,byte-full,__ctrandisp2,boot,C2
0x005c3403,0x000fed53,prop-weak,FUN_005c3403,boot,C2
0x005c340a,0x000fed5a,byte-prefix,FUN_005c340a,boot,C2
0x005c3551,0x000feea1,byte-full,__ctrandisp1,boot,C2
0x005c3584,0x000feed4,byte-full,__fload,boot,C2
0x005c35c0,0x000fef5e,byte-full,__inc,boot,C2
0x005c4440,0x00100cfb,byte-prefix,_gmtime,boot,C2
0x005c4640,0x00106ff0,prop-mnem,FUN_005c4640,boot,C2
0x005c4780,0x00061e90,prop-mnem,FUN_005c4780,boot,C2
0x005c4ad0,0x00060980,prop-weak,FUN_005c4ad0,boot,C2
0x005c4c60,0x00060af0,prop-weak,FUN_005c4c60,boot,C2
0x005c4d30,0x00060bc0,mnem,FUN_005c4d30,boot,C2
0x005c4d50,0x00060be0,prop-weak,FUN_005c4d50,boot,C2
0x005c8980,0x00107730,byte-full,FUN_005c8980,audio,C2
0x005c9490,0x001084c0,byte-full,FUN_005c9490,audio,C2
0x005ca2d0,0x000f9cd0,byte-full,__aullshr,third-party-library[msvc-crt],C1
