rva	sub	name	size	n_callees	conv	nargs	ret	arg_type_today	runnable_today	sig_conf	fp	imports	com_d3d	rw_orch	rw_frac	twin	derefs_arg	reads_global	n_globals	cyclic
004b6b00	render	FUN_004b6b00	3	0	fastcall/thiscall	0	void	-	0	low	0	-	0	0	0.0	-	1	0	0	0
0041e8d0	gameplay	FUN_0041e8d0	9	0	cdecl	0	void	-	0	low	0	-	0	0	0.0	-	1	1	1	0
0041e8e0	gameplay	FUN_0041e8e0	9	0	cdecl	0	void	-	0	low	0	-	0	0	0.0	-	1	1	1	0
0041e900	gameplay	FUN_0041e900	9	0	cdecl	0	void	-	0	low	0	-	0	0	0.0	-	1	1	1	0
0041e910	gameplay	FUN_0041e910	9	0	cdecl	0	void	-	0	low	0	-	0	0	0.0	-	1	1	1	0
0041e920	gameplay	FUN_0041e920	9	0	cdecl	0	void	-	0	low	0	-	0	0	0.0	-	1	1	1	0
0041e930	gameplay	FUN_0041e930	9	0	cdecl	0	void	-	0	low	0	-	0	0	0.0	-	1	1	1	0
0041e940	gameplay	FUN_0041e940	9	0	cdecl	0	void	-	0	low	0	-	0	0	0.0	-	1	1	1	0
0041e950	gameplay	FUN_0041e950	9	0	cdecl	0	void	-	0	low	0	-	0	0	0.0	-	1	1	1	0
0041e960	ai	FUN_0041e960	9	0	cdecl	0	void	-	0	low	0	-	0	0	0.0	-	1	1	1	0
0049c6d0	particle	FUN_0049c6d0	10	0	fastcall/thiscall	0	int	-	0	low	0	Win32	0	0	0.0	-	1	0	1	0
00489240	sky	SkySecondaryDispatch	11	0	cdecl	0	int	-	0	low	0	-	0	0	0.0	-	1	1	1	0
005aea50	audio	FUN_005aea50	11	0	cdecl	0	int	-	0	low	0	-	0	0	0.0	-	1	1	1	0
004522d0	audio	FUN_004522d0	12	0	cdecl	0	void	-	0	low	0	-	0	0	0.0	-	1	1	1	0
00454c00	render	FUN_00454c00	12	0	cdecl	0	void	-	0	low	0	-	0	0	0.0	-	1	0	0	0
005aea00	audio	FUN_005aea00	12	0	cdecl	0	void	-	0	low	0	-	0	0	0.0	-	1	1	1	0
0042f020	frontend	FUN_0042f020	15	0	fastcall/thiscall	0	void	-	0	low	0	-	0	0	0.0	flag	1	0	0	0
00431b20	audio	FUN_00431b20	15	0	cdecl	0	float	-	0	low	1	-	0	0	0.0	-	0	1	2	0
00431b50	util	FUN_00431b50	15	0	cdecl	0	float	-	0	low	1	-	0	0	0.0	-	0	1	2	0
00431b60	util	FUN_00431b60	15	0	cdecl	0	float	-	0	low	1	-	0	0	0.0	-	0	1	2	0
00462520	audio	FUN_00462520	17	1	cdecl	0	void	-	0	low	0	-	0	0	0.0	-	1	0	0	0
0040ab40	util	FUN_0040ab40	18	0	cdecl	0	int	-	0	low	0	-	0	0	0.0	-	1	1	1	0
0040ac80	util	FUN_0040ac80	18	0	cdecl	0	int	-	0	low	0	-	0	0	0.0	-	1	1	1	0
0040acd0	frontend	FUN_0040acd0	18	0	cdecl	0	int	-	0	low	0	-	0	0	0.0	ambiguous	1	1	1	0
004274e0	frontend	FUN_004274e0	18	0	cdecl	0	int	-	0	low	0	-	0	0	0.0	ambiguous	1	1	1	0
00429240	frontend	FUN_00429240	18	0	cdecl	0	void	-	0	low	0	-	0	0	0.0	-	1	1	1	0
004219a0	ai	FUN_004219a0	19	1	cdecl	0	int	-	0	low	0	-	0	0	0.0	-	1	0	0	0
00478cd0	render	FUN_00478cd0	19	1	cdecl	1	void	-	0	low	0	-	0	0	0.0	-	1	0	0	0
0049f210	particle	FUN_0049f210	19	0	fastcall/thiscall	0	int	-	0	low	0	-	0	0	0.0	-	1	0	1	0
0040d020	track	FUN_0040d020	21	1	cdecl	2	int	-	0	low	0	-	0	0	0.0	-	1	0	0	0
00456ce0	gameplay	FUN_00456ce0	21	0	cdecl	0	void	-	0	low	0	-	0	0	0.0	-	1	1	0	0
00423670	ai	FUN_00423670	22	0	cdecl	0	int	-	0	low	0	-	0	0	0.0	-	1	1	1	0
00471430	gameplay	FUN_00471430	22	0	cdecl	0	int	-	0	low	0	-	0	0	0.0	-	1	1	2	0
00556ca0	hud	FUN_00556ca0	22	0	cdecl	2	int	-	0	low	0	-	0	0	0.0	-	1	0	0	0
0049d0a0	particle	FUN_0049d0a0	23	0	fastcall/thiscall	2	int	-	0	low	0	-	0	0	0.0	-	1	0	0	0
0041e1c0	gameplay	FUN_0041e1c0	24	1	cdecl	1	float	-	0	low	1	-	0	0	0.0	-	0	0	1	0
004921b0	render	FUN_004921b0	25	0	cdecl	0	int	-	0	low	0	-	0	0	0.0	-	1	1	2	0
00419a00	gameplay	FUN_00419a00	26	0	cdecl	0	int	-	0	low	0	-	0	0	0.0	-	1	0	0	0
00476860	render	FUN_00476860	26	1	cdecl	3	int	-	0	low	0	-	0	0	0.0	-	0	0	0	0
0049c770	particle	FUN_0049c770	26	1	cdecl	0	int	-	0	low	0	-	0	0	1.0	-	1	1	0	0
0047cde0	gameplay	FUN_0047cde0	27	0	cdecl	2	int	-	0	low	0	-	0	0	0.0	-	1	1	1	0
00456d00	gameplay	FUN_00456d00	28	1	cdecl	0	int	-	0	low	0	-	0	0	0.0	-	1	0	0	0
0045bac0	powerups	PowerupSlotDeactivate	28	0	cdecl	0	int	-	0	low	0	-	0	0	0.0	ambiguous	1	0	0	0
0049c750	particle	FUN_0049c750	28	1	cdecl	0	int	-	0	low	0	-	0	0	1.0	-	1	0	0	0
00550c30	util	RtFSHandler::GetFileSlot	28	0	cdecl	2	int	-	0	low	0	-	0	0	0.0	-	1	0	0	0
005b3b60	audio	FUN_005b3b60	28	1	cdecl	3	int	-	0	low	0	-	0	0	0.0	ok-asc	0	0	0	0
005bcd80	audio	FUN_005bcd80	28	1	cdecl	1	void	-	0	low	0	-	0	0	0.0	-	1	0	0	0
0049ceb0	particle	FUN_0049ceb0	29	1	cdecl	0	int	-	0	low	0	-	0	0	0.0	-	1	1	0	0
005b1140	audio	FUN_005b1140	29	1	cdecl	3	int	-	0	low	0	-	0	0	0.0	ok-asc	0	0	0	0
005b1160	audio	FUN_005b1160	29	0	cdecl	3	int	-	0	low	0	-	0	0	0.0	ok-asc	1	0	0	0
00476880	util	FUN_00476880	31	1	cdecl	3	int	-	0	low	0	-	0	0	0.0	-	0	0	0	0
004768a0	render	FUN_004768a0	31	1	cdecl	3	int	-	0	low	0	-	0	0	0.0	-	0	0	0	0
004929d0	util	FUN_004929d0	31	1	cdecl	0	int	-	0	low	0	-	0	0	0.0	-	1	1	1	0
004b7fd0	render	FUN_004b7fd0	31	1	cdecl	3	int	-	0	low	0	-	0	0	0.0	-	1	0	0	0
004b8080	render	FUN_004b8080	31	1	cdecl	3	int	-	0	low	0	-	0	0	0.0	-	1	0	0	0
004d5550	render	FUN_004d5550	31	0	cdecl	3	int	-	0	low	0	-	0	0	0.0	-	1	1	1	0
005a9f10	audio	FUN_005a9f10	31	1	cdecl	2	int	-	0	low	0	-	0	0	0.0	ambiguous	1	0	0	0
0040dbd0	util	FUN_0040dbd0	32	2	cdecl	0	int	-	0	low	0	-	0	0	0.0	-	1	0	0	0
005bfa20	audio	FUN_005bfa20	32	0	cdecl	2	int	-	0	low	0	-	0	0	0.0	-	1	0	0	0
00409790	gameplay	FUN_00409790	33	1	cdecl	0	int	-	0	low	0	-	0	0	0.0	-	1	0	1	0
00458fd0	gameplay	FUN_00458fd0	33	2	cdecl	3	int	-	0	low	0	-	0	0	0.0	flag	0	0	0	0
004b9600	input	FUN_004b9600	33	1	cdecl	2	int	-	0	low	0	-	0	0	0.0	-	1	0	1	0
004cc7f0	render	FUN_004cc7f0	33	1	cdecl	3	int	-	0	low	0	-	0	0	0.0	-	0	0	0	0
004d1020	render	FUN_004d1020	33	0	fastcall/thiscall	0	int	-	0	low	0	-	0	0	0.0	-	1	1	1	0
005a8e70	audio	FUN_005a8e70	33	1	cdecl	3	int	-	0	low	0	-	0	0	0.0	ok-asc	0	0	1	0
005b1110	audio	FUN_005b1110	33	1	cdecl	3	int	-	0	low	0	-	0	0	0.0	ok-asc	0	0	0	0
005a61b0	audio	FUN_005a61b0	34	0	fastcall/thiscall	1	int	-	0	low	0	-	0	0	0.0	ok-asc	1	0	0	0
005a6dc0	audio	FUN_005a6dc0	34	1	cdecl	3	int	-	0	low	0	-	0	0	0.0	ok-asc	0	0	0	0
005adf60	audio	FUN_005adf60	34	0	cdecl	2	int	-	0	low	0	-	0	0	0.0	ok-asc	1	1	1	0
00407550	gameplay	FUN_00407550	35	0	cdecl	0	int	-	0	low	0	-	0	0	0.0	-	1	1	2	0
00418db0	render	FUN_00418db0	35	0	cdecl	0	int	-	0	low	0	-	0	0	0.0	ambiguous	1	0	2	0
0041c2d0	hud	FUN_0041c2d0	35	0	cdecl	0	int	-	0	low	0	-	0	0	0.0	-	1	0	0	0
0045bfa0	powerups	PowerupSlotActivate	35	1	cdecl	2	void	-	0	low	0	-	0	0	0.0	-	1	0	0	0
0048cee0	particle	FUN_0048cee0	35	1	fastcall/thiscall	0	void	-	0	low	0	-	0	0	0.0	-	1	0	1	0
004c5dd0	render	FUN_004c5dd0	35	0	cdecl	2	int	-	0	low	0	-	0	0	0.0	-	1	1	2	0
004d1640	render	FUN_004d1640	35	0	cdecl	2	int	-	0	low	0	-	0	0	0.0	-	1	0	0	0
005af200	audio	FUN_005af200	35	0	cdecl	3	int	-	0	low	0	-	0	0	0.0	ok-asc	1	0	0	0
0041f290	gameplay	FUN_0041f290	36	1	cdecl	2	int	-	0	low	0	-	0	0	0.0	-	1	1	1	0
004c2d90	render	FUN_004c2d90	36	1	cdecl	3	int	-	0	low	0	-	0	0	0.0	ok-asc	0	0	1	0
005ab150	audio	FUN_005ab150	36	2	cdecl	2	int	-	0	low	0	-	0	0	0.0	ok-asc	1	0	0	0
005af7a0	audio	FUN_005af7a0	37	1	cdecl	2	int	-	0	low	0	-	0	0	0.0	-	1	0	0	0
00412100	render	FUN_00412100	38	0	cdecl	0	int	-	0	low	0	-	0	0	0.0	ambiguous	1	0	2	0
00451060	gameplay	FUN_00451060	38	3	cdecl	0	void	-	0	low	0	-	0	0	0.0	-	1	0	0	0
00494480	video	FUN_00494480	38	3	cdecl	0	int	-	0	low	0	-	0	0	0.0	-	1	1	2	0
00495080	frontend	FUN_00495080	38	1	cdecl	2	int	-	0	low	1	-	0	0	0.0	-	0	1	2	0
004c3d60	render	FUN_004c3d60	38	0	cdecl	2	int	-	0	low	0	-	0	0	0.0	-	1	1	2	0
004c3dc0	render	FUN_004c3dc0	38	0	cdecl	2	int	-	0	low	0	-	0	0	0.0	-	1	1	2	0
005b10a0	audio	FUN_005b10a0	38	0	cdecl	3	int	-	0	low	0	-	0	0	0.0	ok-asc	1	0	0	0
005b10e0	audio	FUN_005b10e0	38	0	cdecl	3	int	-	0	low	0	-	0	0	0.0	ok-asc	1	0	0	0
005b3b30	audio	FUN_005b3b30	38	1	cdecl	3	int	-	0	low	0	-	0	0	0.0	ok-asc	0	0	0	0
00421560	render	FUN_00421560	39	1	cdecl	0	int	-	0	low	0	-	0	0	0.0	-	1	1	2	0
0047b9b0	physics	FUN_0047b9b0	39	3	cdecl	3	int	-	0	low	0	-	0	0	0.0	-	0	0	0	0
0048fce0	particle	FUN_0048fce0	39	1	cdecl	0	int	-	0	low	0	-	0	0	0.0	-	1	1	2	0
0048fd10	particle	FUN_0048fd10	39	1	cdecl	0	int	-	0	low	0	-	0	0	0.0	-	1	1	2	0
0048fd40	particle	FUN_0048fd40	39	1	cdecl	0	int	-	0	low	0	-	0	0	0.0	-	1	1	2	0
00490f50	render	FUN_00490f50	39	0	cdecl	4	void	-	0	low	0	-	0	0	0.0	-	0	1	4	0
00490f80	render	FUN_00490f80	39	0	cdecl	4	void	-	0	low	0	-	0	0	0.0	-	0	1	4	0
004c5da0	render	FUN_004c5da0	39	1	cdecl	3	int	-	0	low	0	-	0	0	0.0	flag	0	0	1	0
004c7690	render	FUN_004c7690	39	1	cdecl	3	int	-	0	low	0	-	0	0	0.0	flag	0	0	1	0
005a6280	audio	FUN_005a6280	39	1	cdecl	4	int	-	0	low	0	-	0	0	0.0	ok-asc	0	0	1	0
005a7f70	audio	FUN_005a7f70	39	1	cdecl	4	int	-	0	low	0	-	0	0	0.0	-	0	0	1	0
005a9de0	audio	FUN_005a9de0	39	1	cdecl	2	int	-	0	low	0	-	0	0	0.0	-	1	0	0	0
005b8570	audio	FUN_005b8570	39	1	cdecl	4	int	-	0	low	0	-	0	0	0.0	-	0	0	1	0
005b9e30	audio	FUN_005b9e30	39	1	cdecl	4	int	-	0	low	0	-	0	0	0.0	-	0	0	1	0
005bb820	audio	FUN_005bb820	39	1	cdecl	3	int	-	0	low	0	-	0	0	0.0	-	0	0	1	0
004c76c0	render	FUN_004c76c0	40	0	cdecl	4	int	-	0	low	0	-	0	0	0.0	-	1	1	1	0
00425b90	frontend	FUN_00425b90	41	1	cdecl	2	int	-	0	low	0	-	0	0	1.0	-	1	0	0	0
00428760	hud	FUN_00428760	41	1	cdecl	3	int	-	0	low	0	-	0	0	0.0	-	0	0	0	0
0046cc10	ai	FUN_0046cc10	41	1	cdecl	2	int	-	0	low	1	-	0	0	0.0	-	1	1	1	0
00485380	vehicle	FUN_00485380	41	2	cdecl	0	int	-	0	low	0	-	0	0	0.0	-	1	1	1	0
00492d30	util	FUN_00492d30	41	3	cdecl	0	int	-	0	low	0	-	0	0	0.33	-	1	1	1	0
004cb840	render	FUN_004cb840	41	0	cdecl	2	int	-	0	low	0	-	0	0	0.0	-	1	1	1	0
004cd550	render	FUN_004cd550	41	0	fastcall/thiscall	2	int	-	0	low	0	-	0	0	0.0	-	1	0	0	0
00550950	audio	FUN_00550950	41	0	cdecl	3	int	-	0	low	0	-	0	0	0.0	ok-asc	1	0	0	0
004219c0	render	FUN_004219c0	42	1	cdecl	0	int	-	0	low	0	-	0	0	0.0	-	1	1	3	0
00474db0	render	FUN_00474db0	42	1	cdecl	2	int	-	0	low	0	-	0	0	0.0	-	1	1	1	0
00495580	input	FUN_00495580	42	1	cdecl	0	int	-	0	low	0	-	0	0	0.0	-	1	1	2	0
004cb490	render	FUN_004cb490	42	0	cdecl	2	int	-	0	med	1	-	0	0	0.0	-	1	1	2	0
005ab190	audio	FUN_005ab190	42	1	cdecl	3	int	-	0	low	0	-	0	0	0.0	-	1	0	0	0
005af040	audio	FUN_005af040	42	2	cdecl	2	int	-	0	low	0	-	0	0	0.0	-	1	0	0	0
0049d240	util	FUN_0049d240	43	0	stdcall	0	int	-	0	low	0	WinMM	0	0	0.0	-	1	0	1	0
004b5320	vehicle	FUN_004b5320	43	1	cdecl	3	int	-	0	low	0	-	0	0	1.0	ok-asc	0	0	0	0
004c3d90	render	FUN_004c3d90	43	0	cdecl	3	int	-	0	low	0	-	0	0	0.0	-	1	1	2	0
005ae300	audio	FUN_005ae300	43	1	fastcall/thiscall	1	int	-	0	low	0	-	0	0	0.0	ok-asc	1	0	0	0
005b7010	audio	FUN_005b7010	43	1	cdecl	3	int	-	0	low	0	-	0	0	0.0	flag	1	1	0	0
005bd610	audio	FUN_005bd610	43	0	cdecl	0	int	-	0	low	0	-	0	0	0.0	-	1	1	4	0
0047b980	track	RegisterScriptCommand	44	2	cdecl	3	int	-	0	low	0	-	0	0	0.0	-	0	1	1	0
0048aa20	render	FUN_0048aa20	44	1	cdecl	3	int	-	0	low	0	-	0	0	0.0	-	0	0	0	0
0049d1d0	particle	FUN_0049d1d0	44	0	fastcall/thiscall	0	int	-	0	low	0	Win32	0	0	0.0	-	1	0	1	0
004c1b10	render	FUN_004c1b10	44	2	cdecl	1	int	-	0	low	1	-	0	0	0.0	-	0	1	0	0
00475010	render	FUN_00475010	45	1	cdecl	4	int	-	0	low	0	-	0	0	0.0	-	0	0	0	0
00484280	debug-overlay	FUN_00484280	45	0	cdecl	0	int	-	0	low	0	-	0	0	0.0	ambiguous	1	1	5	0
00493c60	render	FUN_00493c60	45	1	fastcall/thiscall	0	void	-	0	low	0	-	0	0	0.0	-	1	0	5	0
00494b20	render	FUN_00494b20	45	1	fastcall/thiscall	0	void	-	0	low	0	-	0	0	0.0	-	1	0	5	0
0049ebc0	particle	FUN_0049ebc0	45	1	fastcall/thiscall	0	void	-	0	low	0	-	0	0	0.0	-	1	0	5	0
0041f060	gameplay	FUN_0041f060	46	1	cdecl	2	int	-	0	low	1	-	0	0	0.0	-	1	1	1	0
00430b30	frontend	FUN_00430b30	46	0	cdecl	3	int	-	0	low	0	-	0	0	0.0	-	1	1	3	0
00410d10	vehicle	FUN_00410d10	47	1	cdecl	0	int	-	0	low	0	-	0	0	0.0	-	1	1	1	0
0045cc50	audio	FUN_0045cc50	47	2	fastcall/thiscall	0	void	-	0	low	0	-	0	0	0.0	-	1	0	0	0
0047b8a0	input	FUN_0047b8a0	47	1	cdecl	3	int	-	0	low	0	-	0	0	0.0	-	1	1	1	0
004b7a70	input	FUN_004b7a70	47	2	cdecl	3	int	-	0	low	0	-	0	0	0.0	-	0	0	0	0
004c5860	render	FUN_004c5860	47	0	cdecl	2	int	-	0	low	0	-	0	0	0.0	-	1	1	1	0
004c7730	render	FUN_004c7730	47	1	cdecl	3	int	-	0	low	0	-	0	0	0.0	-	1	1	1	0
005a6d90	audio	FUN_005a6d90	47	0	cdecl	2	int	-	0	low	0	-	0	0	0.0	ok-asc	1	0	0	0
005af230	audio	FUN_005af230	47	0	cdecl	2	int	-	0	low	0	-	0	0	0.0	ok-asc	1	0	0	0
00455030	render	FUN_00455030	48	2	fastcall/thiscall	0	void	-	0	low	0	-	0	0	0.0	-	1	0	3	0
0046be50	gameplay	FUN_0046be50	48	0	cdecl	3	int	-	0	low	0	-	0	0	0.0	-	1	0	0	0
00482900	vehicle	FUN_00482900	48	2	cdecl	2	int	-	0	low	1	-	0	0	0.0	-	1	0	2	0
0049c810	particle	FUN_0049c810	48	1	cdecl	0	int	-	0	low	0	Win32	0	0	0.0	-	1	1	1	0
004d5310	render	FUN_004d5310	48	0	cdecl	2	int	-	0	low	0	-	0	0	0.0	-	1	1	1	0
005a6d60	audio	FUN_005a6d60	48	0	cdecl	3	int	-	0	low	0	-	0	0	0.0	ok-asc	1	0	0	0
005ab340	audio	FUN_005ab340	48	1	cdecl	3	int	-	0	low	0	-	0	0	0.0	-	1	0	0	0
00457610	gameplay	FUN_00457610	49	1	cdecl	0	int	-	0	low	0	-	0	0	0.0	-	1	1	3	0
00471450	gameplay	FUN_00471450	49	0	cdecl	0	int	-	0	low	0	-	0	0	0.0	-	1	1	2	0
00486f50	particle	FUN_00486f50	49	1	cdecl	0	int	-	0	low	0	-	0	0	0.0	-	1	1	3	0
0048f740	util	FUN_0048f740	49	3	fastcall/thiscall	0	int	-	0	low	0	-	0	0	0.0	-	1	0	2	0
0049fc80	particle	FUN_0049fc80	49	0	cdecl	0	int	-	0	low	0	-	0	0	0.0	-	1	1	0	0
0040ddb0	util	FUN_0040ddb0	50	6	cdecl	0	int	-	0	low	0	-	0	0	0.0	-	1	1	2	0
00474fd0	render	FUN_00474fd0	50	1	cdecl	4	int	-	0	low	0	-	0	0	0.0	-	0	0	0	0
004898d0	gameplay	FUN_004898d0	50	1	cdecl	2	int	-	0	low	0	-	0	0	0.0	-	1	1	1	0
004c3270	render	sub_004c3270	50	2	cdecl	0	int	-	0	low	0	-	0	0	0.0	-	1	1	2	0
005a6e10	audio	FUN_005a6e10	50	1	cdecl	3	int	-	0	low	0	-	0	0	0.0	ambiguous	1	0	0	0
0041f1e0	util	FUN_0041f1e0	51	1	cdecl	3	int	-	0	low	1	-	0	0	0.0	-	1	1	1	0
0041f220	gameplay	FUN_0041f220	51	1	cdecl	2	int	-	0	low	1	-	0	0	0.0	-	1	0	1	0
004223b0	render	FUN_004223b0	51	1	cdecl	2	int	-	0	low	0	-	0	0	1.0	-	1	0	0	0
004d52d0	render	FUN_004d52d0	51	0	cdecl	2	int	-	0	low	0	-	0	0	0.0	ok-asc	1	1	1	0
00485e10	particle	FUN_00485e10	52	1	cdecl	0	int	-	0	low	0	-	0	0	0.0	-	1	1	3	0
00490490	render	FUN_00490490	52	1	cdecl	0	int	-	0	low	0	-	0	0	1.0	-	1	1	3	0
00493bc0	util	FUN_00493bc0	52	0	stdcall	4	int	-	0	low	0	Win32	0	0	0.0	-	0	0	1	0
00495150	input	FUN_00495150	52	3	cdecl	0	int	-	0	low	0	-	0	0	0.0	-	1	1	1	0
0049e580	particle	FUN_0049e580	52	0	cdecl	0	int	-	0	low	0	Win32	0	0	0.0	-	1	1	1	0
004b71c0	render	FUN_004b71c0	52	2	cdecl	3	int	-	0	low	0	-	0	1	1.0	-	0	0	0	0
004d8090	render	FUN_004d8090	52	0	cdecl	3	int	-	0	low	0	-	0	0	0.0	-	0	0	0	0
005a6070	audio	FUN_005a6070	52	0	cdecl	3	int	-	0	low	0	-	0	0	0.0	-	1	0	0	0
005b7880	audio	FUN_005b7880	52	4	cdecl	3	int	-	0	low	0	-	0	0	0.0	ambiguous	0	0	0	0
005beaa0	audio	FUN_005beaa0	52	1	stdcall	2	int	-	0	low	0	-	0	0	0.0	-	1	0	0	0
005bef20	audio	FUN_005bef20	52	1	stdcall	2	int	-	0	low	0	-	0	0	0.0	-	1	0	0	0
00452f30	gameplay	FUN_00452f30	53	2	fastcall/thiscall	0	void	-	0	low	0	-	0	0	0.0	-	1	0	3	0
0049e5c0	particle	FUN_0049e5c0	53	1	cdecl	0	int	-	0	low	0	Win32	0	0	0.0	-	1	1	1	0
005adef0	audio	FUN_005adef0	53	0	cdecl	3	int	-	0	low	0	-	0	0	0.0	ok-asc	0	0	0	0
00403660	boot	FUN_00403660	54	1	cdecl	0	int	-	0	low	0	-	0	0	0.0	-	1	1	2	0
00442600	util	CameraPath::InitForTrack	54	1	cdecl	0	int	-	0	low	0	-	0	0	0.0	ok-asc	1	1	1	0
004c76f0	render	FUN_004c76f0	54	0	cdecl	2	int	-	0	low	0	-	0	0	0.0	-	1	1	1	0
004c7860	render	FUN_004c7860	54	0	cdecl	4	int	-	0	low	0	-	0	0	0.0	-	1	1	1	0
00556ce0	hud	FontSys_ShutdownBuffers	54	1	cdecl	0	int	-	0	low	0	-	0	0	1.0	-	1	1	3	0
00456c30	gameplay	FUN_00456c30	55	1	cdecl	0	int	-	0	low	0	-	0	0	0.0	-	1	0	3	0
00496370	input	FUN_00496370	55	1	cdecl	0	int	-	0	low	0	-	0	0	0.0	-	1	1	2	0
004d1d70	render	FUN_004d1d70	55	0	cdecl	0	int	-	0	low	0	-	0	0	0.0	-	1	1	2	0
004dba60	render	FUN_004dba60	55	1	cdecl	3	int	-	0	low	0	-	0	0	0.0	-	1	1	1	0
005ad6f0	audio	FUN_005ad6f0	55	2	fastcall/thiscall	1	int	-	0	low	0	-	0	0	0.0	ok-asc	1	1	2	0
005ad730	audio	FUN_005ad730	55	2	fastcall/thiscall	2	int	-	0	low	0	-	0	0	0.0	ok-asc	1	1	2	0
005ae470	audio	FUN_005ae470	55	1	fastcall/thiscall	1	void	-	0	low	0	-	0	0	0.0	ok-asc	1	0	0	0
004778e0	render	FUN_004778e0	56	1	cdecl	0	int	-	0	low	0	-	0	0	0.0	-	1	1	2	0
004b7140	input	FUN_004b7140	56	1	cdecl	2	int	-	0	low	0	-	0	0	0.0	ok-asc	1	0	0	0
005ab1c0	audio	FUN_005ab1c0	56	1	cdecl	3	int	-	0	low	0	-	0	0	0.0	-	1	0	0	0
0049e600	particle	FUN_0049e600	57	2	stdcall	0	int	-	0	low	0	-	0	0	0.0	-	1	1	0	0
004b4cd0	util	Bezier::QueryWrapper	57	1	cdecl	4	int	-	0	low	1	-	0	0	0.0	ok-asc	0	0	0	0
004b4e70	render	FUN_004b4e70	57	1	cdecl	4	int	-	0	low	1	-	0	0	0.0	ok-asc	0	0	0	0
004e66d0	render	RpClumpForAllAtomics	57	0	cdecl	4	int	-	0	low	0	-	0	0	0.0	ambiguous	1	0	0	0
00429620	hud	FUN_00429620	58	2	cdecl	0	float	-	0	low	1	-	0	0	0.0	-	0	0	4	0
00454130	render	FUN_00454130	58	0	cdecl	0	int	-	0	low	0	-	0	0	0.0	flag	1	0	2	0
00475f50	render	FUN_00475f50	58	1	cdecl	1	float	-	0	low	1	-	0	0	0.0	-	0	0	3	0
0049d200	particle	FUN_0049d200	58	1	stdcall	0	int	-	0	low	0	-	0	0	0.0	-	1	0	0	0
005a9ff0	audio	FUN_005a9ff0	58	1	cdecl	4	int	-	0	low	0	-	0	0	0.0	ambiguous	0	0	0	0
005aca40	audio	FUN_005aca40	58	1	cdecl	3	int	-	0	low	0	-	0	0	0.0	-	0	0	0	0
0041d830	hud	FUN_0041d830	59	3	fastcall/thiscall	0	void	-	0	low	0	-	0	0	0.0	-	1	1	4	0
0047a0f0	track	FUN_0047a0f0	59	2	cdecl	3	int	-	0	low	0	-	0	0	0.0	-	0	1	2	0
00485420	vehicle	FUN_00485420	59	2	cdecl	2	int	-	0	low	0	-	0	0	0.0	-	1	1	0	0
00490fb0	render	FUN_00490fb0	59	0	cdecl	6	int	-	0	low	0	-	0	0	0.0	-	0	1	6	0
00491030	render	FUN_00491030	59	0	cdecl	6	int	-	0	low	0	-	0	0	0.0	-	0	1	6	0
004b4b20	render	FUN_004b4b20	59	1	cdecl	5	int	-	0	low	1	-	0	0	0.0	ok-asc	0	0	0	0
004c7a20	render	FUN_004c7a20	59	0	cdecl	2	int	-	0	low	0	-	0	0	0.0	-	1	1	2	0
004d8430	render	rwID_ERRORMODULE_ctor	59	0	cdecl	2	int	-	0	low	0	-	0	0	0.0	-	1	1	3	0
004b4280	render	FUN_004b4280	60	1	cdecl	5	int	-	0	low	0	-	0	0	0.0	-	0	0	0	0
005aa7a0	audio	FUN_005aa7a0	60	2	cdecl	2	int	-	0	low	0	-	0	0	0.0	ambiguous	1	0	0	0
004b7570	input	FUN_004b7570	61	1	cdecl	3	int	-	0	low	0	-	0	0	1.0	ambiguous	1	0	0	0
005a7520	audio	FUN_005a7520	61	3	cdecl	2	int	-	0	low	0	-	0	0	0.0	-	1	0	0	0
005be1b0	audio	FUN_005be1b0	61	3	stdcall	3	int	-	0	low	0	-	0	0	0.0	-	1	0	1	0
005bf6d0	audio	FUN_005bf6d0	61	1	stdcall	3	int	-	0	low	0	-	0	0	0.0	-	1	0	1	0
004058e0	gameplay	FUN_004058e0	62	1	cdecl	2	int	-	0	low	0	-	0	0	0.0	-	1	1	2	0
004417e0	util	FUN_004417e0	62	1	cdecl	4	int	-	0	low	1	-	0	0	0.0	-	1	0	0	0
004c2c90	render	FUN_004c2c90	62	0	cdecl	3	int	-	0	low	0	-	0	0	0.0	ambiguous	1	0	0	0
00472ad0	render	FUN_00472ad0	63	1	cdecl	6	int	-	0	low	0	-	0	0	0.0	-	0	0	0	0
005af740	audio	FUN_005af740	63	2	cdecl	2	int	-	0	low	0	Win32	0	0	0.0	-	1	0	1	0
005b92e0	audio	FUN_005b92e0	63	1	cdecl	2	int	-	0	low	0	-	0	0	0.0	-	1	1	0	0
00413a00	render	FUN_00413a00	64	1	fastcall/thiscall	1	int	-	0	low	0	-	0	0	0.0	-	1	1	3	0
00413f50	hud	FUN_00413f50	64	1	cdecl	0	int	-	0	low	0	-	0	0	0.0	-	1	1	2	0
004b7960	input	FUN_004b7960	64	1	cdecl	4	int	-	0	low	0	-	0	0	0.0	-	0	0	0	0
004c59c0	render	FUN_004c59c0	64	0	cdecl	4	int	-	0	low	0	-	0	0	0.0	ok-asc	1	0	0	0
00411530	vehicle	Replay::GetTimeAtIdx	65	1	cdecl	4	int	-	0	low	0	-	0	0	0.0	-	1	0	0	0
004215e0	render	FUN_004215e0	65	1	fastcall/thiscall	3	int	-	0	low	1	-	0	0	0.0	-	1	1	2	0
005b1030	audio	FUN_005b1030	65	2	cdecl	5	int	-	0	low	0	-	0	0	0.0	-	1	0	0	0
004b4d10	render	FUN_004b4d10	66	1	cdecl	5	int	-	0	low	0	-	0	0	0.0	ok-asc	1	0	0	0
005aacf0	audio	FUN_005aacf0	66	1	cdecl	2	int	-	0	low	0	-	0	0	0.0	ok-asc	1	0	0	0
0041de80	hud	FUN_0041de80	67	0	cdecl	2	int	-	0	low	0	-	0	0	0.0	-	1	1	1	0
0049f030	particle	FUN_0049f030	67	0	fastcall/thiscall	3	int	-	0	low	0	-	0	0	0.0	-	1	0	0	0
004da430	render	FUN_004da430	67	1	cdecl	2	int	-	0	low	0	-	0	0	0.0	ok-asc	1	0	0	0
005a7aa0	audio	FUN_005a7aa0	67	1	cdecl	2	int	-	0	low	0	-	0	0	0.0	ok-asc	1	0	0	0
005be630	audio	FUN_005be630	67	0	cdecl	3	int	-	0	low	0	-	0	0	0.0	-	1	0	0	0
00454c10	render	FUN_00454c10	68	0	fastcall/thiscall	0	int	-	0	low	0	-	0	0	0.0	-	1	0	2	0
0045dff0	gameplay	FUN_0045dff0	68	1	cdecl	3	int	-	0	low	1	-	0	0	0.0	-	0	0	2	0
004b4b60	render	FUN_004b4b60	68	1	cdecl	6	int	-	0	low	0	-	0	0	0.0	ok-asc	1	0	0	0
005bedc0	audio	FUN_005bedc0	69	0	stdcall	2	int	-	0	low	0	Win32	0	0	0.0	-	1	0	2	0
004161e0	ai	FUN_004161e0	70	2	cdecl	8	int	-	0	low	0	-	0	0	0.0	-	1	0	0	0
00477f00	render	FUN_00477f00	70	1	cdecl	3	int	-	0	low	1	-	0	0	1.0	-	1	0	0	0
00558470	render	sub_00558470	70	0	cdecl	0	int	-	0	low	0	-	0	0	0.0	-	1	1	4	0
005be940	audio	FUN_005be940	70	2	stdcall	2	int	-	0	low	0	-	0	0	0.0	-	1	0	1	0
004b4ad0	render	FUN_004b4ad0	71	1	cdecl	7	int	-	0	low	0	-	0	0	0.0	ok-asc	1	0	0	0
005ab2f0	audio	FUN_005ab2f0	71	1	cdecl	6	int	-	0	low	0	-	0	0	0.0	-	1	0	0	0
005aefc0	audio	FUN_005aefc0	71	1	cdecl	3	int	-	0	low	0	-	0	0	0.0	-	1	1	0	0
005be0f0	audio	FUN_005be0f0	71	1	cdecl	3	int	-	0	low	0	-	0	0	0.0	-	1	1	1	0
004891f0	render	FUN_004891f0	72	0	cdecl	0	int	-	0	low	0	-	0	0	0.0	-	1	1	2	0
004d8680	render	RwStricmp	72	0	cdecl	2	int	-	0	low	0	-	0	0	0.0	-	1	0	0	0
00418de0	vehicle	FUN_00418de0	73	2	cdecl	0	int	-	0	low	0	-	0	0	0.0	-	1	0	0	0
004262f0	render	FUN_004262f0	73	4	cdecl	0	int	-	0	low	0	-	0	0	0.0	-	1	1	4	0
00556d20	hud	FontSys_InitBuffers	73	1	cdecl	0	int	-	0	low	0	-	0	0	0.0	flag	1	1	6	0
005b66c0	audio	FUN_005b66c0	73	2	cdecl	4	int	-	0	low	0	-	0	0	0.0	-	0	0	0	0
0040ad40	gameplay	FUN_0040ad40	74	2	cdecl	7	int	-	0	low	1	-	0	0	0.0	-	0	0	0	0
0040be50	gameplay	FUN_0040be50	74	0	cdecl	0	int	-	0	low	0	-	0	0	0.0	ok-asc	1	1	2	0
004661a0	audio	FUN_004661a0	74	3	cdecl	2	int	-	0	low	0	-	0	0	0.0	-	1	1	2	0
00497b10	frontend	FUN_00497b10	74	0	cdecl	0	void	-	0	low	0	Win32	0	0	0.0	-	1	1	7	0
00550be0	util	FUN_00550be0	74	0	cdecl	0	int	-	0	low	0	-	0	0	0.0	-	1	1	1	0
0041ebb0	render	FUN_0041ebb0	76	2	cdecl	0	int	-	0	low	0	-	0	0	0.0	-	1	1	3	0
0055c4f0	vehicle	PhysicsBodySetFriction	76	1	cdecl	3	int	-	0	low	0	-	0	0	0.0	ambiguous	1	0	0	0
005a89d0	audio	FUN_005a89d0	76	1	cdecl	2	int	-	0	low	0	Win32	0	0	0.0	-	1	1	3	0
005b7b30	audio	FUN_005b7b30	76	3	cdecl	3	int	-	0	low	0	-	0	0	0.0	-	0	0	0	0
004657b0	util	FUN_004657b0	77	1	fastcall/thiscall	0	int	-	0	low	0	-	0	0	0.0	-	1	1	1	0
0048a490	particle	FUN_0048a490	77	3	cdecl	0	int	-	0	low	0	-	0	0	0.0	-	1	0	0	0
005b0970	audio	FUN_005b0970	77	1	cdecl	4	int	-	0	low	0	Win32	0	0	0.0	-	1	0	1	0
005b3620	audio	FUN_005b3620	77	1	cdecl	2	int	-	0	low	0	-	0	0	0.0	ok-asc	1	0	0	0
0041af00	render	FUN_0041af00	78	1	cdecl	0	int	-	0	low	0	-	0	0	1.0	flag	1	1	0	0
00494b65	render	FUN_00494b65	78	0	fastcall/thiscall	0	int	-	0	low	1	-	0	0	0.0	-	1	0	3	0
004cd170	render	FUN_004cd170	78	0	cdecl	3	int	-	0	low	0	-	0	0	0.0	-	1	1	2	0
00404650	render	FUN_00404650	79	3	cdecl	0	int	-	0	low	1	-	0	0	0.33	-	1	1	4	0
00475e50	render	FUN_00475e50	79	1	cdecl	0	int	-	0	low	0	-	0	0	0.0	-	1	1	6	0
00486220	particle	FUN_00486220	79	1	cdecl	0	int	-	0	low	0	-	0	0	0.0	-	1	1	3	0
004c2f60	render	FUN_004c2f60	79	2	cdecl	0	int	-	0	low	0	-	0	0	0.0	-	1	1	2	0
005b6710	audio	FUN_005b6710	79	2	cdecl	4	int	-	0	low	0	-	0	0	0.0	-	1	0	0	0
00405730	gameplay	FUN_00405730	80	1	cdecl	4	int	-	0	low	0	-	0	0	0.0	-	1	1	4	0
004220d0	render	FUN_004220d0	80	2	fastcall/thiscall	1	int	-	0	low	0	-	0	0	0.0	-	1	0	3	0
00463640	audio	FUN_00463640	80	3	cdecl	2	int	-	0	low	1	-	0	0	0.0	flag	0	1	1	0
004780c0	render	FUN_004780c0	80	1	cdecl	3	int	-	0	low	1	-	0	0	0.0	-	0	0	0	0
0048d0f0	particle	FUN_0048d0f0	80	0	fastcall/thiscall	0	int	-	0	low	1	-	0	0	0.0	-	1	1	4	0
0049dcb0	particle	FUN_0049dcb0	80	2	stdcall	3	int	-	0	low	0	-	0	0	0.0	-	1	0	1	0
004cc790	render	FUN_004cc790	80	3	cdecl	3	int	-	0	low	0	-	0	1	1.0	ok-asc	0	0	0	0
004d1e30	render	FUN_004d1e30	80	0	cdecl	2	int	-	0	low	0	-	0	0	0.0	-	1	1	2	0
005ad980	audio	FUN_005ad980	80	1	cdecl	3	int	-	0	low	0	-	0	0	0.0	flag	1	0	0	0
004570a0	gameplay	FUN_004570a0	81	1	fastcall/thiscall	6	int	-	0	low	0	-	0	0	0.0	-	1	0	0	0
00459560	util	FUN_00459560	81	2	fastcall/thiscall	0	int	-	0	low	0	-	0	0	0.0	-	1	0	2	0
0045a130	gameplay	FUN_0045a130	81	2	cdecl	0	int	-	0	low	0	-	0	1	0.5	-	1	1	4	0
00475d30	render	FUN_00475d30	81	1	cdecl	0	int	-	0	low	0	-	0	0	0.0	-	1	1	3	0
005bfed0	audio	FUN_005bfed0	81	0	stdcall	3	int	-	0	low	0	Win32	0	0	0.0	-	1	0	2	0
004532f0	gameplay	FUN_004532f0	82	1	fastcall/thiscall	7	void	-	0	low	0	-	0	0	0.0	-	1	0	0	0
004588c0	gameplay	FUN_004588c0	82	2	cdecl	6	int	-	0	low	0	-	0	0	0.0	-	0	0	0	0
00484170	boot	FUN_00484170	82	0	cdecl	3	int	-	0	low	1	-	0	0	0.0	ambiguous	1	1	2	0
00497310	input	FUN_00497310	82	0	cdecl	2	int	-	0	low	1	-	0	0	0.0	-	1	1	3	0
0049fe10	particle	FUN_0049fe10	82	0	stdcall	3	int	-	0	low	0	-	0	0	0.0	-	1	0	0	0
004cc580	render	FUN_004cc580	82	1	cdecl	6	int	-	0	low	0	-	0	0	1.0	ambiguous	1	0	0	0
005aa060	audio	FUN_005aa060	82	1	cdecl	7	int	-	0	low	0	-	0	0	0.0	ambiguous	1	0	0	0
00421100	render	FUN_00421100	83	1	fastcall/thiscall	0	void	-	0	low	1	-	0	0	0.0	-	1	1	2	0
00441700	util	Camera::SetupFOV	83	1	cdecl	2	int	-	0	low	1	-	0	0	0.0	-	1	1	2	0
00482030	vehicle	FUN_00482030	83	0	cdecl	2	int	-	0	low	1	-	0	0	0.0	-	1	0	2	0
00498b60	render	FUN_00498b60	83	1	cdecl	0	int	-	0	low	0	-	0	0	0.0	-	1	1	4	0
004c57a0	hud	FontCtxMatrix_AllocInit	83	0	cdecl	0	int	-	0	low	0	-	0	0	0.0	-	1	1	2	0
004d4250	render	FUN_004d4250	84	2	cdecl	3	int	-	0	low	0	-	0	1	1.0	-	1	1	2	0
004dab70	render	FUN_004dab70	84	1	cdecl	4	int	-	0	low	0	-	0	0	0.0	-	1	1	1	0
0045d080	gameplay	FUN_0045d080	85	2	cdecl	0	int	-	0	low	0	-	0	0	0.0	-	1	1	2	0
0049d270	util	FUN_0049d270	85	1	stdcall	0	int	-	0	low	0	WinMM	0	0	0.0	-	1	0	1	0
0040cda0	gameplay	FUN_0040cda0	86	3	cdecl	5	int	-	0	low	0	-	0	0	0.33	-	0	1	2	0
00412890	boot	FUN_00412890	86	1	fastcall/thiscall	0	int	-	0	low	0	-	0	0	0.0	ambiguous	1	1	4	0
0045a530	gameplay	FUN_0045a530	86	1	cdecl	7	int	-	0	low	0	-	0	0	0.0	-	1	1	0	0
0045b930	boot	FUN_0045b930	86	6	fastcall/thiscall	0	int	-	0	low	0	-	0	0	0.17	-	1	1	3	0
00498e40	render	FUN_00498e40	86	0	cdecl	0	int	-	0	low	0	-	0	0	0.0	-	1	1	3	0
004cc230	frontend	FUN_004cc230	86	0	cdecl	2	int	-	0	low	0	-	0	0	0.0	-	1	1	2	0
005a6710	audio	FUN_005a6710	86	1	cdecl	2	int	-	0	low	1	-	0	0	0.0	ok-asc	1	1	0	0
005bbac0	audio	FUN_005bbac0	86	2	cdecl	4	int	-	0	low	0	-	0	0	0.0	-	1	0	0	0
00411350	vehicle	Replay::TimeFormat	87	1	cdecl	4	int	-	0	low	1	-	0	0	0.0	-	1	0	2	0
0042c220	util	FUN_0042c220	87	2	cdecl	0	int	-	0	low	0	-	0	0	0.0	-	1	1	3	0
004516d0	render	FUN_004516d0	87	1	cdecl	2	int	-	0	low	0	-	0	0	0.0	-	1	0	1	0
0048ab70	particle	FUN_0048ab70	87	0	cdecl	0	int	-	0	low	0	-	0	0	0.0	-	1	1	3	0
0048aff0	particle	FUN_0048aff0	87	0	cdecl	0	int	-	0	low	1	-	0	0	0.0	-	1	1	2	0
004b5260	render	FUN_004b5260	87	2	cdecl	6	int	-	0	low	0	-	0	0	0.0	ok-asc	1	1	0	0
004b7aa0	input	FUN_004b7aa0	87	2	cdecl	3	int	-	0	low	0	-	0	1	1.0	-	0	0	1	0
004cdca0	render	FUN_004cdca0	87	1	cdecl	3	int	-	0	low	0	-	0	0	0.0	ambiguous	1	1	3	0
005bba60	audio	FUN_005bba60	87	2	cdecl	4	int	-	0	low	0	-	0	0	0.0	-	1	0	0	0
0041f710	gameplay	FUN_0041f710	88	1	fastcall/thiscall	6	int	-	0	low	0	-	0	0	0.0	ambiguous	1	0	0	0
004972b0	input	FUN_004972b0	88	4	fastcall/thiscall	0	void	-	0	low	0	-	0	0	0.0	-	1	0	3	0
004db550	render	FUN_004db550	88	1	cdecl	0	int	-	0	low	0	-	0	0	0.0	-	1	1	4	0
0048fd70	render	FUN_0048fd70	89	1	cdecl	0	int	-	0	low	0	-	0	0	0.0	-	1	1	7	0
00491530	render	FUN_00491530	89	0	cdecl	0	int	-	0	low	0	-	0	0	0.0	-	1	1	4	0
004c7760	render	FUN_004c7760	89	0	cdecl	3	int	-	0	low	0	-	0	0	0.0	-	1	1	1	0
005bbed0	audio	FUN_005bbed0	89	0	cdecl	2	int	-	0	low	0	-	0	0	0.0	-	1	0	2	0
005be990	audio	FUN_005be990	89	3	stdcall	2	int	-	0	low	0	-	0	0	0.0	-	1	0	1	0
00496040	input	FUN_00496040	90	2	cdecl	0	int	-	0	low	0	-	0	0	0.0	-	1	1	4	0
004cb130	render	FUN_004cb130	90	0	cdecl	4	int	-	0	low	0	-	0	0	0.0	-	1	1	4	0
004d42b0	render	FUN_004d42b0	90	2	cdecl	3	int	-	0	low	0	-	0	1	1.0	-	1	1	2	0
005b8be0	audio	FUN_005b8be0	90	2	cdecl	3	int	-	0	low	0	-	0	0	0.0	-	1	1	0	0
00417750	gameplay	FUN_00417750	91	3	cdecl	0	void	-	0	low	1	-	0	0	0.0	-	1	1	5	0
00457650	gameplay	FUN_00457650	91	1	fastcall/thiscall	0	int	-	0	low	0	-	0	0	0.0	-	1	1	3	0
004820e0	vehicle	FUN_004820e0	91	1	cdecl	5	int	-	0	low	1	-	0	0	1.0	-	1	0	2	0
00484000	vehicle	FUN_00484000	91	1	cdecl	4	int	-	0	low	0	-	0	0	0.0	-	1	1	2	0
0045dc80	audio	FUN_0045dc80	92	3	cdecl	0	int	-	0	low	0	-	0	0	0.0	-	1	1	3	0
004762c0	util	FUN_004762c0	93	2	cdecl	3	void	-	0	low	1	-	0	0	0.0	ok-asc	0	0	1	0
00487e70	sky	FUN_00487e70	93	0	cdecl	2	int	-	0	low	0	-	0	0	0.0	ambiguous	1	0	2	0
0048a5d0	particle	FUN_0048a5d0	93	2	fastcall/thiscall	0	int	-	0	low	0	-	0	0	0.0	-	1	0	2	0
0049c930	particle	FUN_0049c930	93	0	cdecl	2	int	-	0	low	0	Win32	0	0	0.0	-	1	1	2	0
00422470	frontend	FUN_00422470	94	4	cdecl	4	int	-	0	low	1	-	0	0	0.25	-	1	0	1	0
0044c490	render	FUN_0044c490	94	1	cdecl	7	int	-	0	low	0	-	0	0	0.0	-	1	1	0	0
0045da90	audio	FUN_0045da90	94	1	cdecl	7	int	-	0	low	0	-	0	0	0.0	-	0	1	1	0
00477810	render	FUN_00477810	94	1	cdecl	0	int	-	0	low	0	-	0	0	0.0	-	1	1	5	0
00495e80	input	FUN_00495e80	94	1	cdecl	0	int	-	0	low	1	-	0	0	0.0	-	1	1	4	0
0049fac0	particle	FUN_0049fac0	94	1	cdecl	3	int	-	0	low	0	-	0	0	0.0	-	1	1	0	0
004d0290	render	FUN_004d0290	94	2	cdecl	3	int	-	0	low	0	-	0	1	1.0	-	1	1	1	0
005bf470	audio	FUN_005bf470	94	0	cdecl	2	int	-	0	low	0	-	0	0	0.0	-	1	0	1	0
00421630	render	FUN_00421630	95	4	cdecl	4	int	-	0	low	0	-	0	0	0.0	-	0	1	0	0
0045daf0	audio	FUN_0045daf0	95	2	cdecl	3	int	-	0	low	0	-	0	0	0.0	ambiguous	1	1	1	0
00486270	particle	FUN_00486270	96	1	cdecl	0	int	-	0	low	0	-	0	0	0.0	-	1	0	2	0
0049ca00	particle	FUN_0049ca00	96	0	cdecl	2	int	-	0	low	0	Win32	0	0	0.0	-	1	1	2	0
004d8fa0	render	rwID_CHUNKGROUPMODULE_ctor	96	1	cdecl	2	int	-	0	low	0	-	0	0	0.0	-	1	1	6	0
005bbd50	audio	FUN_005bbd50	96	0	cdecl	5	int	-	0	low	1	-	0	0	0.0	-	1	0	0	0
005bbf60	audio	FUN_005bbf60	96	1	cdecl	2	int	-	0	low	0	-	0	0	0.0	-	1	0	0	0
00402750	boot	sub_00402750	97	2	cdecl	6	int	-	0	low	0	-	0	0	0.0	ambiguous	1	1	2	0
00419ff0	gameplay	FUN_00419ff0	97	6	cdecl	3	int	-	0	low	0	-	0	0	0.0	-	0	0	2	0
0049c990	particle	FUN_0049c990	97	0	cdecl	2	int	-	0	low	0	Win32	0	0	0.0	-	1	1	2	0
005aab00	audio	FUN_005aab00	97	0	cdecl	3	int	-	0	low	0	-	0	0	0.0	ambiguous	1	0	0	0
005aab70	audio	FUN_005aab70	97	0	cdecl	3	int	-	0	low	0	-	0	0	0.0	ambiguous	1	0	0	0
005ad910	audio	FUN_005ad910	97	1	cdecl	5	int	-	0	low	0	-	0	0	0.0	ok-asc	1	0	0	0
005af690	audio	FUN_005af690	97	2	cdecl	2	int	-	0	low	0	-	0	0	0.0	-	1	0	0	0
005bfb20	audio	FUN_005bfb20	97	1	cdecl	6	int	-	0	low	0	-	0	0	0.0	-	1	0	0	0
0045bf30	powerups	PowerupTeardownAll	98	2	fastcall/thiscall	0	int	-	0	low	0	-	0	0	0.0	-	1	0	5	0
004b51d0	render	FUN_004b51d0	98	2	cdecl	2	int	-	0	low	0	-	0	1	0.5	ok-asc	1	0	0	0
005ad9d0	audio	FUN_005ad9d0	98	1	cdecl	3	int	-	0	low	0	-	0	0	0.0	ambiguous	1	0	0	0
004173e0	render	FUN_004173e0	99	0	cdecl	2	int	-	0	low	0	-	0	0	0.0	-	1	1	2	0
00421ba0	render	FUN_00421ba0	99	3	cdecl	3	int	-	0	low	0	-	0	0	0.33	ambiguous	0	1	0	0
00449b30	particle	FUN_00449b30	99	6	cdecl	3	int	-	0	low	0	-	0	0	0.0	-	0	0	3	0
00495280	util	OpenPizFile	99	5	cdecl	3	int	-	0	low	0	-	0	0	0.0	-	0	1	4	0
004d87a0	render	RwStringStreamWrite	99	2	cdecl	2	int	-	0	low	0	-	0	1	0.5	-	1	1	2	0
005be720	audio	FUN_005be720	99	0	cdecl	2	int	-	0	low	0	-	0	0	0.0	-	1	0	1	0
0042a5d0	render	FUN_0042a5d0	100	3	cdecl	2	int	-	0	low	0	-	0	0	0.33	-	1	1	4	0
0042a640	frontend	FUN_0042a640	100	3	cdecl	2	int	-	0	low	0	-	0	0	0.33	flag	1	1	4	0
0042a7f0	render	FUN_0042a7f0	100	3	cdecl	2	int	-	0	low	0	-	0	0	0.33	-	1	1	4	0
0042a860	render	FUN_0042a860	100	3	cdecl	2	int	-	0	low	0	-	0	0	0.33	-	1	1	4	0
00466b50	util	FUN_00466b50	100	6	cdecl	0	int	-	0	low	1	-	0	0	0.17	-	1	1	4	0
0048b440	particle	FUN_0048b440	100	0	cdecl	2	int	-	0	low	0	-	0	0	0.0	-	1	1	1	0
0048d360	particle	FUN_0048d360	100	0	cdecl	2	int	-	0	low	0	-	0	0	0.0	-	1	1	1	0
0048d540	particle	FUN_0048d540	100	0	cdecl	2	int	-	0	low	0	-	0	0	0.0	-	1	1	1	0
0048d720	particle	FUN_0048d720	100	0	cdecl	2	int	-	0	low	0	-	0	0	0.0	-	1	1	1	0
0048e180	particle	FUN_0048e180	100	0	cdecl	2	int	-	0	low	0	-	0	0	0.0	-	1	1	1	0
0048e360	particle	FUN_0048e360	100	0	cdecl	2	int	-	0	low	0	-	0	0	0.0	-	1	1	1	0
0048e7b0	particle	FUN_0048e7b0	100	1	fastcall/thiscall	0	int	-	0	low	0	-	0	0	0.0	-	1	1	4	0
0041cc50	hud	FUN_0041cc50	101	6	fastcall/thiscall	0	int	-	0	low	0	-	0	0	0.0	-	1	1	7	0
0045dce0	audio	FUN_0045dce0	101	2	fastcall/thiscall	3	int	-	0	low	0	-	0	0	0.0	-	1	1	2	0
004da480	render	FUN_004da480	101	2	cdecl	5	int	-	0	low	0	-	0	0	0.0	-	1	0	0	0
005509b0	audio	FUN_005509b0	101	0	cdecl	3	int	-	0	low	0	-	0	0	0.0	ok-asc	1	0	0	0
005beba0	audio	FUN_005beba0	101	2	stdcall	3	int	-	0	low	0	-	0	0	0.0	-	1	0	3	0
0041adb0	render	FUN_0041adb0	102	1	cdecl	2	int	-	0	low	0	-	0	0	0.0	flag	1	1	2	0
004c1c10	util	Camera::SetProjection	102	4	cdecl	3	int	-	0	low	0	-	0	1	0.5	ok-asc	0	0	1	0
004c3040	render	sub_004c3040	102	1	cdecl	0	int	-	0	low	1	-	0	0	0.0	-	1	1	4	0
004d4170	render	FUN_004d4170	102	2	cdecl	2	int	-	0	low	1	-	0	1	1.0	ok-asc	1	1	2	0
005b36f0	audio	FUN_005b36f0	102	1	cdecl	2	int	-	0	low	0	-	0	0	0.0	-	1	1	1	0
005bfe60	audio	FUN_005bfe60	102	2	stdcall	2	int	-	0	low	0	Win32	0	1	0.5	-	1	0	2	0
00476320	render	FUN_00476320	103	2	cdecl	5	int	-	0	low	1	-	0	1	0.5	ok-asc	1	0	1	0
0047cd50	gameplay	FUN_0047cd50	103	1	cdecl	2	int	-	0	low	0	-	0	0	0.0	-	1	1	1	0
0049c6e0	particle	FUN_0049c6e0	103	1	stdcall	3	int	-	0	low	0	-	0	0	1.0	-	1	0	1	0
0049ec10	util	FUN_0049ec10	103	2	stdcall	4	int	-	0	low	0	-	0	0	0.0	-	0	0	5	0
0046bf50	gameplay	FUN_0046bf50	104	1	cdecl	2	int	-	0	low	1	-	0	0	0.0	-	1	1	4	0
0048e820	particle	FUN_0048e820	104	1	fastcall/thiscall	1	int	-	0	low	0	-	0	0	0.0	ambiguous	1	0	2	0
0049cbd0	particle	FUN_0049cbd0	104	0	cdecl	2	int	-	0	low	0	Win32+WinMM	0	0	0.0	-	1	1	3	0
00415190	ai	FUN_00415190	105	2	cdecl	2	int	-	0	low	1	-	0	0	0.0	-	0	0	1	0
0042a6b0	vehicle	FUN_0042a6b0	105	3	cdecl	2	int	-	0	low	0	-	0	0	0.33	ambiguous	1	1	4	0
0044ecc0	gameplay	FUN_0044ecc0	105	3	cdecl	2	int	-	0	low	0	-	0	0	0.33	-	1	1	3	0
0045cbe0	gameplay	FUN_0045cbe0	105	2	cdecl	2	int	-	0	low	1	-	0	0	0.0	-	1	1	2	0
0044bbc0	render	FUN_0044bbc0	106	2	cdecl	8	int	-	0	low	0	-	0	0	0.0	ambiguous	1	1	0	0
00477490	render	FUN_00477490	106	3	cdecl	3	int	-	0	low	1	-	0	0	0.33	-	1	1	1	0
0048bb70	particle	FUN_0048bb70	107	1	cdecl	0	int	-	0	low	1	-	0	0	0.0	-	1	0	6	0
004d5340	render	FUN_004d5340	107	0	cdecl	7	int	-	0	low	0	-	0	0	0.0	-	1	1	1	0
005bcca0	audio	FUN_005bcca0	107	0	cdecl	2	int	-	0	low	0	Win32	0	0	0.0	-	1	0	2	0
0041ce00	render	FUN_0041ce00	108	1	cdecl	3	int	-	0	low	0	-	0	0	0.0	ambiguous	1	1	1	0
0045c6b0	audio	FUN_0045c6b0	108	1	fastcall/thiscall	0	int	-	0	low	1	-	0	0	0.0	-	1	1	5	0
00488320	sky	FUN_00488320	108	0	fastcall/thiscall	0	void	-	0	low	1	-	0	0	0.0	ambiguous	1	0	3	0
00493ac0	util	LAB_00493ac0	108	1	fastcall/thiscall	3	int	-	0	low	0	Win32	0	0	0.0	-	1	1	4	0
004943f0	audio	FUN_004943f0	108	1	cdecl	2	int	-	0	low	1	-	0	0	0.0	-	1	1	4	0
004d4310	render	FUN_004d4310	108	0	cdecl	4	int	-	0	low	0	-	0	0	0.0	-	1	0	0	0
005a73b0	audio	FUN_005a73b0	108	3	cdecl	0	int	-	0	low	0	-	0	0	0.0	-	1	1	4	0
005bf4d0	audio	FUN_005bf4d0	108	2	stdcall	4	int	-	0	low	0	-	0	0	0.0	-	1	0	1	0
005bfa40	audio	FUN_005bfa40	108	1	stdcall	4	int	-	0	low	0	-	0	0	1.0	-	1	0	0	0
00454c60	render	FUN_00454c60	109	2	cdecl	0	int	-	0	low	0	-	0	0	0.0	ambiguous	1	0	0	0
005a5f60	audio	FUN_005a5f60	109	0	cdecl	4	int	-	0	low	0	-	0	0	0.0	-	1	0	0	0
005af600	audio	FUN_005af600	109	4	cdecl	3	int	-	0	low	0	-	0	0	0.0	-	1	0	0	0
00409290	util	FUN_00409290	110	2	cdecl	3	int	-	0	low	0	-	0	0	0.0	-	0	0	0	0
00477760	render	FUN_00477760	110	1	cdecl	4	int	-	0	low	0	-	0	0	0.0	-	1	0	5	0
004942b0	video	FUN_004942b0	110	0	cdecl	4	int	-	0	low	0	-	0	0	0.0	-	1	1	4	0
004b6b20	render	FUN_004b6b20	110	1	cdecl	2	int	-	0	low	1	-	0	0	0.0	-	1	1	3	0
004c5ae0	render	FUN_004c5ae0	110	2	cdecl	3	int	-	0	low	0	-	0	1	1.0	-	1	1	1	0
004c5b50	render	FUN_004c5b50	110	2	cdecl	3	int	-	0	low	0	-	0	1	1.0	-	1	1	1	0
005ae400	audio	FUN_005ae400	110	3	cdecl	2	int	-	0	low	0	-	0	0	0.0	ok-asc	1	0	0	0
0041a1e0	boot	FUN_0041a1e0	111	4	fastcall/thiscall	0	int	-	0	low	0	-	0	0	0.0	ambiguous	1	1	6	0
0041b7a0	render	FUN_0041b7a0	111	0	cdecl	3	int	-	0	low	0	-	0	0	0.0	-	1	1	1	0
00426460	frontend	FUN_00426460	111	3	cdecl	2	int	-	0	low	1	-	0	0	0.33	-	1	0	1	0
004c4600	render	RwMatrixMultiply	111	0	cdecl	3	int	-	0	low	1	-	0	0	0.0	-	1	1	2	0
005be080	audio	FUN_005be080	111	0	cdecl	3	int	-	0	low	0	-	0	0	0.0	-	1	0	1	0
005be9f0	audio	FUN_005be9f0	111	0	stdcall	5	int	-	0	low	0	-	0	0	0.0	-	1	0	0	0
00419480	gameplay	FUN_00419480	112	0	cdecl	0	int	-	0	low	0	-	0	0	0.0	flag	1	0	0	0
0045e0f0	audio	FUN_0045e0f0	112	1	cdecl	2	int	-	0	low	1	-	0	0	0.0	-	1	1	4	0
004c6140	render	FUN_004c6140	112	0	cdecl	3	int	-	0	low	0	-	0	0	0.0	-	1	1	2	0
005a65d0	audio	FUN_005a65d0	112	1	cdecl	2	int	-	0	low	1	-	0	0	0.0	-	1	0	0	0
00419760	vehicle	FUN_00419760	113	2	cdecl	2	int	-	0	low	0	-	0	0	0.0	ok-asc	1	1	6	0
004e1df0	render	FUN_004e1df0	113	3	cdecl	4	int	-	0	low	0	-	0	0	0.33	-	0	0	0	0
00485d90	particle	FUN_00485d90	114	3	cdecl	0	int	-	0	low	0	-	0	0	0.0	ambiguous	1	1	3	0
0045a3a0	gameplay	FUN_0045a3a0	115	0	fastcall/thiscall	1	int	-	0	low	0	-	0	0	0.0	-	1	0	2	0
004914b0	render	RainRender	115	1	cdecl	0	int	-	0	low	0	-	0	0	0.0	-	1	1	4	0
005b0a90	audio	FUN_005b0a90	115	1	fastcall/thiscall	7	void	-	0	low	1	-	0	0	0.0	-	1	0	0	0
0048d900	particle	FUN_0048d900	116	0	cdecl	6	int	-	0	low	0	-	0	0	0.0	-	1	1	1	0
0048db20	particle	FUN_0048db20	116	0	cdecl	6	int	-	0	low	0	-	0	0	0.0	-	1	1	1	0
0048dd40	particle	FUN_0048dd40	116	0	cdecl	6	int	-	0	low	0	-	0	0	0.0	-	1	1	1	0
0048df60	particle	FUN_0048df60	116	0	cdecl	6	int	-	0	low	0	-	0	0	0.0	-	1	1	1	0
004daaf0	render	FUN_004daaf0	116	2	cdecl	3	int	-	0	low	0	-	0	1	0.5	-	1	1	2	0
0041c100	boot	FUN_0041c100	117	3	cdecl	5	int	-	0	low	0	-	0	0	0.0	ambiguous	1	1	6	0
0048baf0	particle	FUN_0048baf0	117	1	cdecl	0	int	-	0	low	0	-	0	0	0.0	-	1	1	6	0
0049e640	particle	FUN_0049e640	117	1	cdecl	0	int	-	0	low	0	-	0	0	0.0	-	1	1	0	0
0042ad10	frontend	FUN_0042ad10	118	0	cdecl	3	int	-	0	low	1	-	0	0	0.0	-	1	1	9	0
00453eb0	gameplay	FUN_00453eb0	118	2	cdecl	4	int	-	0	low	0	-	0	0	0.0	ambiguous	1	1	2	0
00454820	gameplay	FUN_00454820	118	3	cdecl	0	int	-	0	low	0	-	0	0	0.0	-	1	0	4	0
00474de0	render	FUN_00474de0	119	1	cdecl	7	int	-	0	low	1	-	0	0	0.0	-	1	0	0	0
005aed20	audio	FUN_005aed20	119	0	cdecl	2	int	-	0	low	1	-	0	0	0.0	-	1	1	4	0
00485460	smplfzx	FUN_00485460	120	4	cdecl	8	int	-	0	low	0	-	0	1	0.5	ambiguous	1	0	0	0
005af180	audio	FUN_005af180	120	1	cdecl	5	int	-	0	low	0	-	0	0	0.0	ambiguous	1	0	1	0
005bde70	audio	FUN_005bde70	120	0	cdecl	4	int	-	0	low	0	-	0	0	0.0	-	1	0	0	0
0042c010	render	FUN_0042c010	121	3	cdecl	8	int	-	0	low	1	-	0	0	0.0	-	0	0	2	0
0044c920	render	FUN_0044c920	121	2	cdecl	2	int	-	0	low	1	-	0	0	0.0	-	1	0	4	0
004785e0	util	FUN_004785e0	121	1	fastcall/thiscall	2	int	-	0	low	1	-	0	0	1.0	-	1	0	0	0
005b0360	audio	FUN_005b0360	121	3	cdecl	6	int	-	0	low	0	-	0	0	0.0	-	1	0	0	0
004951f0	render	FUN_004951f0	122	5	cdecl	0	int	-	0	low	0	Win32	0	0	0.0	-	1	1	6	0
004c35f0	render	FUN_004c35f0	122	0	cdecl	4	int	-	0	low	0	-	0	0	0.0	-	1	1	2	0
004d8280	render	FUN_004d8280	122	2	cdecl	2	int	-	0	low	0	-	0	1	0.5	-	1	1	0	0
005540d0	hud	FontCanvas_Init	122	2	cdecl	0	int	-	0	low	0	-	0	0	0.0	ambiguous	1	1	6	0
0041b450	boot	FUN_0041b450	123	4	cdecl	4	int	-	0	low	0	-	0	0	0.0	flag	0	1	8	0
0044aaa0	render	FUN_0044aaa0	123	4	cdecl	4	int	-	0	low	0	-	0	0	0.25	-	0	0	3	0
00456140	gameplay	FUN_00456140	123	7	cdecl	8	int	-	0	low	1	-	0	0	0.0	-	0	0	1	0
0049c840	particle	FUN_0049c840	124	0	stdcall	4	int	-	0	low	0	Win32	0	0	0.0	-	1	0	1	0
004c07b0	render	sub_004c07b0 (rwID_FRAMEMODULE ctor)	124	1	cdecl	2	int	-	0	low	0	-	0	0	0.0	-	1	1	7	0
00403050	frontend	FUN_00403050	125	3	cdecl	3	int	-	0	low	0	-	0	0	0.0	-	1	1	3	0
00426700	render	FUN_00426700	125	1	cdecl	4	int	-	0	low	1	-	0	0	0.0	-	0	1	2	0
0046cb30	util	Player::GetOffset3D	126	1	cdecl	2	int	-	0	low	1	-	0	0	0.0	-	1	1	3	0
004862d0	particle	FUN_004862d0	126	4	cdecl	0	int	-	0	low	0	-	0	0	0.0	-	1	0	6	0
00411ce0	vehicle	Ghost::SetupRender	127	3	cdecl	0	int	-	0	low	0	-	0	0	0.0	-	1	1	4	0
00489940	particle	FUN_00489940	127	3	cdecl	4	int	-	0	low	0	-	0	0	0.0	-	1	0	0	0
004d8350	render	FUN_004d8350	127	2	cdecl	3	int	-	0	low	1	-	0	1	1.0	-	0	1	0	0
004dc280	render	FUN_004dc280	127	0	cdecl	3	int	-	0	med	1	-	0	0	0.0	-	1	0	0	0
00552b90	hud	FontSys_Shutdown	127	7	cdecl	0	int	-	0	low	0	-	0	0	0.0	-	1	1	5	0
00428590	boot	ViewportInit	128	6	cdecl	5	int	-	0	low	0	-	0	0	0.17	-	0	1	1	0
00458bf0	util	FUN_00458bf0	128	0	cdecl	4	int	-	0	low	0	-	0	0	0.0	-	1	1	2	0
004dc1f0	render	FUN_004dc1f0	129	0	cdecl	4	int	-	0	med	1	-	0	0	0.0	-	1	0	0	0
005a6ea0	audio	FUN_005a6ea0	129	2	cdecl	5	int	-	0	low	1	-	0	0	0.0	ambiguous	0	1	3	0
005af860	audio	FUN_005af860	129	2	cdecl	4	int	-	0	low	1	-	0	0	0.0	-	1	1	0	0
0041c380	render	FUN_0041c380	130	1	cdecl	0	int	-	0	low	0	-	0	0	0.0	-	1	1	3	0
00478030	render	FUN_00478030	130	1	cdecl	4	int	-	0	low	0	-	0	0	0.0	-	0	0	0	0
004c2fb0	render	FUN_004c2fb0	130	3	cdecl	0	int	-	0	low	0	-	0	0	0.0	-	1	1	2	0
004cbbd0	render	FUN_004cbbd0	130	0	fastcall/thiscall	2	int	-	0	low	1	-	0	0	0.0	-	1	1	0	0
00455910	gameplay	FUN_00455910	131	5	cdecl	3	int	-	0	low	0	-	0	0	0.0	-	0	0	1	0
00486460	particle	FUN_00486460	131	1	cdecl	2	int	-	0	low	1	-	0	0	0.0	-	1	1	3	0
00462ec0	audio	FUN_00462ec0	132	4	fastcall/thiscall	0	int	-	0	low	0	-	0	0	0.0	-	1	1	8	0
004756e0	render	FUN_004756e0	132	3	cdecl	3	int	-	0	low	1	-	0	0	0.0	-	1	0	0	0
004b7be0	input	FUN_004b7be0	132	2	cdecl	3	int	-	0	med	0	-	0	1	0.5	-	1	1	0	0
004d94a0	render	FUN_004d94a0	132	0	cdecl	2	int	-	0	low	1	-	0	0	0.0	-	1	1	1	0
00426780	render	FUN_00426780	133	1	cdecl	3	int	-	0	low	1	-	0	0	0.0	-	0	0	2	0
00465c10	audio	FUN_00465c10	133	5	cdecl	2	int	-	0	low	0	-	0	0	0.0	-	1	1	2	0
00494f40	render	FUN_00494f40	133	2	cdecl	2	float	-	0	med	1	-	0	1	0.5	-	0	0	3	0
004c90a0	render	FUN_004c90a0	133	0	cdecl	0	int	-	0	low	0	-	0	0	0.0	-	1	1	5	0
004c9cd0	render	RESET_FN	133	1	cdecl	2	int	-	0	low	0	-	0	0	0.0	-	1	1	7	0
004ce8e0	render	FUN_004ce8e0	133	0	cdecl	2	int	-	0	low	0	-	0	0	0.0	-	1	1	2	0
0041e630	hud	FUN_0041e630	134	0	cdecl	0	int	-	0	low	0	-	0	0	0.0	-	1	0	0	0
0048ad50	particle	FUN_0048ad50	134	1	cdecl	0	int	-	0	low	0	-	0	0	0.0	-	1	1	3	0
0041a8d0	gameplay	FUN_0041a8d0	135	2	fastcall/thiscall	2	int	-	0	low	0	-	0	0	0.0	ambiguous	1	0	4	0
005a7ee0	audio	FUN_005a7ee0	135	3	cdecl	2	int	-	0	low	0	-	0	0	0.0	-	1	1	2	0
005bdff0	audio	FUN_005bdff0	135	0	cdecl	4	int	-	0	low	0	-	0	0	0.0	-	1	0	1	0
0041b690	render	FUN_0041b690	136	4	cdecl	6	int	-	0	low	0	-	0	0	0.25	ambiguous	0	0	0	0
005bfd10	audio	FUN_005bfd10	136	3	cdecl	3	int	-	0	low	1	-	0	0	0.33	-	0	1	2	0
004030d0	util	FUN_004030d0	137	4	cdecl	0	int	-	0	low	1	-	0	0	0.0	-	1	1	7	0
004b7ff0	input	FUN_004b7ff0	137	2	cdecl	3	int	-	0	low	0	-	0	1	0.5	-	1	0	0	0
004584e0	gameplay	FUN_004584e0	138	2	cdecl	3	float	-	0	low	1	-	0	1	0.5	-	1	0	2	0
004ccc50	render	FUN_004ccc50	138	0	cdecl	5	int	-	0	low	0	-	0	0	0.0	ok-asc	1	1	1	0
005a9f60	audio	FUN_005a9f60	138	4	cdecl	4	int	-	0	low	0	-	0	0	0.0	ambiguous	1	0	0	0
0041cd20	render	FUN_0041cd20	139	4	cdecl	6	int	-	0	low	0	-	0	0	0.25	ambiguous	1	0	0	0
005af7d0	audio	FUN_005af7d0	140	1	cdecl	7	int	-	0	low	1	-	0	0	0.0	-	1	0	0	0
005bdc70	audio	FUN_005bdc70	140	2	cdecl	2	int	-	0	low	0	-	0	0	0.0	-	1	1	0	0
0047c160	camera	sub_0047c160	141	3	cdecl	3	int	-	0	low	0	-	0	0	0.33	-	1	1	4	0
0048a6f0	particle	FUN_0048a6f0	141	6	cdecl	8	int	-	0	low	1	-	0	0	0.33	-	1	0	1	0
004d4f00	render	FUN_004d4f00	142	0	cdecl	4	int	-	0	low	0	-	0	0	0.0	-	1	1	1	0
00474890	gameplay	FUN_00474890	144	2	cdecl	6	int	-	0	low	1	-	0	0	0.0	ambiguous	1	0	2	0
0048e5f0	particle	FUN_0048e5f0	144	1	cdecl	0	int	-	0	low	1	-	0	0	0.0	-	1	1	5	0
004dc160	render	FUN_004dc160	144	0	cdecl	4	int	-	0	med	1	-	0	0	0.0	-	1	0	0	0
005bcbe0	audio	FUN_005bcbe0	144	3	cdecl	2	int	-	0	low	0	-	0	0	0.0	-	1	0	0	0
0041ae60	render	FUN_0041ae60	145	1	cdecl	0	int	-	0	low	0	-	0	0	1.0	ambiguous	1	1	0	0
004cff20	render	FUN_004cff20	145	2	cdecl	5	int	-	0	low	0	-	0	1	1.0	-	1	1	1	0
005b4150	audio	FUN_005b4150	145	1	cdecl	7	int	-	0	low	1	-	0	0	0.0	-	1	0	0	0
005bf0c0	audio	FUN_005bf0c0	145	0	cdecl	6	int	-	0	low	0	-	0	0	0.0	-	1	0	0	0
00494bc0	boot	FUN_00494bc0	146	0	cdecl	0	int	-	0	low	0	-	0	0	0.0	-	1	1	6	0
004c1340	render	FUN_004c1340	146	1	cdecl	2	int	-	0	low	0	-	0	0	1.0	-	1	1	1	0
004c1480	render	FUN_004c1480	146	1	cdecl	2	int	-	0	low	0	-	0	0	1.0	-	1	1	1	0
004277a0	frontend	FUN_004277a0	147	0	cdecl	0	int	-	0	low	0	-	0	0	0.0	flag	1	0	0	0
0045cfe0	audio	FUN_0045cfe0	147	2	cdecl	0	int	-	0	low	1	-	0	0	0.0	-	1	1	4	0
00463150	audio	FUN_00463150	147	4	cdecl	0	int	-	0	low	1	-	0	0	0.0	ambiguous	1	1	5	0
00476440	util	FUN_00476440	147	2	fastcall/thiscall	0	int	-	0	low	1	-	0	0	0.0	-	1	1	7	0
0049ce10	particle	FUN_0049ce10	147	1	stdcall	5	int	-	0	low	0	-	0	0	0.0	-	1	1	2	0
005b8130	audio	FUN_005b8130	147	0	cdecl	2	int	-	0	low	0	Win32	0	0	0.0	-	1	0	2	0
00402fb0	hud	FUN_00402fb0	148	2	cdecl	7	int	-	0	low	1	-	0	0	0.0	-	0	1	3	0
0040ad90	gameplay	FUN_0040ad90	148	2	cdecl	11	int	-	0	low	1	-	0	0	0.0	-	1	0	1	0
0041db90	boot	FUN_0041db90	148	4	cdecl	4	int	-	0	low	0	-	0	0	0.0	ambiguous	1	1	5	0
0048d140	particle	FUN_0048d140	148	0	cdecl	10	int	-	0	low	0	-	0	0	0.0	-	1	1	1	0
004cafd0	render	FUN_004cafd0	148	0	cdecl	2	int	-	0	low	0	-	0	0	0.0	-	1	1	3	0
005ac7e0	audio	FUN_005ac7e0	148	3	fastcall/thiscall	2	int	-	0	low	0	-	0	0	0.0	-	1	1	2	0
00456f70	gameplay	FUN_00456f70	149	5	cdecl	4	int	-	0	low	1	-	0	0	0.0	-	0	0	5	0
00466100	audio	FUN_00466100	149	2	cdecl	3	int	-	0	low	1	-	0	0	0.0	-	1	1	6	0
00476390	render	FUN_00476390	149	4	fastcall/thiscall	0	void	-	0	low	0	-	0	0	0.0	ambiguous	1	0	6	0
004c3910	render	FUN_004c3910	149	0	cdecl	2	int	-	0	low	1	-	0	0	0.0	-	1	1	2	0
004cfe40	render	FUN_004cfe40	149	1	cdecl	0	int	-	0	low	0	-	0	0	1.0	-	1	1	8	0
0041f120	util	Player::ComputeVehicleToCameraVec	150	1	cdecl	3	int	-	0	low	1	-	0	0	0.0	-	1	0	1	0
004c1a70	render	FUN_004c1a70	150	0	cdecl	2	int	-	0	low	1	-	0	0	0.0	-	1	1	4	0
00451ce0	gameplay	FUN_00451ce0	151	1	fastcall/thiscall	1	int	-	0	low	1	-	0	0	0.0	-	1	1	1	0
005aaa00	audio	FUN_005aaa00	151	2	cdecl	3	int	-	0	low	0	-	0	0	0.0	ambiguous	1	0	0	0
004c5890	render	RwTexDictionaryCreate	152	1	cdecl	0	int	-	0	low	0	-	0	0	0.0	-	1	1	3	0
00477e60	render	FUN_00477e60	154	1	cdecl	4	int	-	0	low	1	-	0	0	1.0	-	1	0	0	0
0047a1e0	track	SkyFilename_Handler	154	4	fastcall/thiscall	1	int	-	0	low	0	-	0	1	0.75	ambiguous	1	1	2	0
004c77c0	render	FUN_004c77c0	154	1	cdecl	4	int	-	0	low	0	-	0	0	0.0	ambiguous	1	1	3	0
00414180	util	FUN_00414180	155	2	cdecl	3	int	-	0	low	1	-	0	0	0.0	flag	0	1	10	0
004219f0	util	FUN_004219f0	155	3	cdecl	2	int	-	0	low	1	-	0	0	0.0	-	1	0	2	0
0047a280	track	FUN_0047a280	155	4	fastcall/thiscall	1	int	-	0	low	0	-	0	1	0.75	ambiguous	1	1	2	0
0047a3a0	track	FUN_0047a3a0	155	4	fastcall/thiscall	1	int	-	0	low	0	-	0	1	0.75	ambiguous	1	1	2	0
0047a4a0	track	FUN_0047a4a0	155	4	fastcall/thiscall	1	int	-	0	low	0	-	0	1	0.75	ambiguous	1	1	2	0
0047a610	track	FUN_0047a610	155	4	fastcall/thiscall	1	int	-	0	low	0	-	0	1	0.75	ambiguous	1	1	2	0
0047a8b0	track	FUN_0047a8b0	155	4	fastcall/thiscall	1	int	-	0	low	0	-	0	1	0.75	ambiguous	1	1	2	0
0041a400	gameplay	FUN_0041a400	156	4	cdecl	8	int	-	0	low	0	-	0	0	0.0	ambiguous	1	1	1	0
00425c00	frontend	FUN_00425c00	156	5	cdecl	2	int	-	0	low	0	-	0	0	0.0	-	1	1	8	0
00478110	render	FUN_00478110	156	5	cdecl	8	int	-	0	low	0	-	0	0	0.0	-	0	0	0	0
00482930	vehicle	Replay::New	156	3	cdecl	5	int	-	0	low	1	-	0	0	0.0	-	1	1	3	0
0049ca60	particle	FUN_0049ca60	156	2	cdecl	3	int	-	0	low	0	Win32	0	1	0.5	-	0	1	2	0
00407cd0	gameplay	FUN_00407cd0	157	1	fastcall/thiscall	2	int	-	0	low	0	-	0	0	0.0	-	1	0	0	0
0049cd70	particle	FUN_0049cd70	157	1	stdcall	3	int	-	0	low	0	-	0	0	0.0	-	1	1	2	0
0040cea0	track	FUN_0040cea0	158	8	cdecl	4	int	-	0	low	0	-	0	0	0.0	ambiguous	1	1	3	0
0041f4f0	gameplay	FUN_0041f4f0	158	4	fastcall/thiscall	9	int	-	0	low	1	-	0	0	0.25	-	1	0	4	0
004224d0	frontend	FUN_004224d0	158	1	cdecl	3	int	-	0	low	0	-	0	0	0.0	-	1	0	2	0
00485e50	particle	FUN_00485e50	158	1	cdecl	7	int	-	0	low	0	-	0	0	0.0	-	0	1	6	0
004767c0	render	FUN_004767c0	159	1	cdecl	0	int	-	0	low	0	-	0	0	0.0	-	1	0	2	0
0049ccd0	particle	FUN_0049ccd0	159	1	stdcall	5	int	-	0	low	0	-	0	0	0.0	-	1	1	2	0
005b8090	audio	FUN_005b8090	159	0	cdecl	6	int	-	0	low	0	Win32	0	0	0.0	-	1	0	2	0
0041ac60	render	FUN_0041ac60	160	3	cdecl	5	int	-	0	low	1	-	0	0	0.0	-	1	0	3	0
004233e0	ai	FUN_004233e0	160	0	cdecl	2	float	-	0	low	1	-	0	0	0.0	-	0	0	6	0
005bc050	audio	FUN_005bc050	160	0	cdecl	7	int	-	0	low	1	-	0	0	0.0	-	1	0	0	0
005bc0f0	audio	FUN_005bc0f0	160	0	cdecl	8	int	-	0	low	1	-	0	0	0.0	-	1	0	0	0
00463590	audio	FUN_00463590	161	4	cdecl	3	int	-	0	low	0	-	0	0	0.0	-	1	1	4	0
0049ecc0	particle	FUN_0049ecc0	161	2	stdcall	3	int	-	0	low	1	-	0	1	1.0	-	0	0	4	0
005a9e60	audio	FUN_005a9e60	161	2	cdecl	4	int	-	0	low	0	-	0	0	0.0	ok-asc	0	0	0	0
005b09c0	audio	FUN_005b09c0	161	1	cdecl	4	int	-	0	low	0	-	0	0	0.0	-	1	0	0	0
00476710	render	FUN_00476710	162	1	cdecl	0	int	-	0	low	0	-	0	0	0.0	-	1	0	2	0
005551d0	hud	FUN_005551d0	162	1	cdecl	0	int	-	0	low	1	-	0	0	0.0	-	1	1	2	0
005ae250	audio	FUN_005ae250	162	3	cdecl	4	int	-	0	low	0	-	0	0	0.0	ok-asc	1	1	2	0
005aa3d0	audio	FUN_005aa3d0	163	2	cdecl	2	int	-	0	low	0	-	0	0	0.0	-	1	0	1	0
0048a780	particle	FUN_0048a780	164	2	fastcall/thiscall	0	int	-	0	low	1	-	0	0	0.0	-	1	1	5	0
0049cb20	particle	FUN_0049cb20	166	0	cdecl	3	int	-	0	low	0	Win32+WinMM	0	0	0.0	-	1	1	4	0
00443d10	ai	FUN_00443d10	167	1	fastcall/thiscall	3	int	-	0	low	1	-	0	0	0.0	-	1	1	5	0
0047b8d0	input	FUN_0047b8d0	168	9	cdecl	3	int	-	0	low	0	-	0	0	0.0	-	0	1	2	0
00494320	video	FUN_00494320	168	0	cdecl	0	int	-	0	low	0	-	0	0	0.0	-	1	1	8	0
0041c9a0	hud	FUN_0041c9a0	169	0	cdecl	5	int	-	0	low	0	-	0	0	0.0	flag	1	1	0	0
0045cc80	audio	FUN_0045cc80	169	2	cdecl	2	int	-	0	low	0	-	0	0	0.0	-	1	1	6	0
004c8690	render	FUN_004c8690	169	2	cdecl	0	int	-	0	low	1	-	0	0	0.0	-	1	1	6	0
004ccba0	render	FUN_004ccba0	169	0	cdecl	2	int	-	0	low	0	-	0	0	0.0	-	1	1	1	0
00403910	render	FUN_00403910	170	2	cdecl	5	int	-	0	low	0	-	0	0	0.0	-	1	1	4	0
0048ff20	particle	FUN_0048ff20	170	8	cdecl	3	int	-	0	low	0	-	0	0	0.12	ambiguous	0	1	4	0
00417cf0	ai	FUN_00417cf0	171	2	cdecl	4	int	-	0	low	1	-	0	0	0.0	-	1	0	4	0
004645c0	audio	FUN_004645c0	171	5	cdecl	4	int	-	0	low	0	-	0	0	0.0	-	1	1	2	0
00498860	util	FUN_00498860	171	5	fastcall/thiscall	5	int	-	0	low	0	-	0	0	0.0	-	1	1	4	0
005a9c50	audio	FUN_005a9c50	171	2	fastcall/thiscall	1	int	-	0	low	0	-	0	0	0.0	-	1	1	1	0
005bc750	audio	FUN_005bc750	171	0	cdecl	15	int	-	0	low	0	-	0	0	0.0	-	1	0	1	0
005be540	audio	FUN_005be540	171	0	cdecl	3	int	-	0	low	0	-	0	0	0.0	-	1	0	1	0
00491b20	render	FUN_00491b20	173	0	cdecl	3	int	-	0	low	0	-	0	0	0.0	-	1	1	15	0
00491e50	render	FUN_00491e50	173	1	cdecl	4	int	-	0	low	1	-	0	0	0.0	-	0	0	0	0
00406410	gameplay	FUN_00406410	174	5	cdecl	0	int	-	0	low	1	-	0	0	0.0	-	1	1	3	0
0049f420	particle	FUN_0049f420	174	0	stdcall	2	int	-	0	low	0	-	0	0	0.0	-	1	0	0	0
00425ca0	frontend	FUN_00425ca0	175	2	fastcall/thiscall	11	int	-	0	low	1	-	0	1	0.5	-	1	0	1	0
004150e0	ai	FUN_004150e0	176	1	fastcall/thiscall	2	int	-	0	low	1	-	0	0	0.0	-	1	1	5	0
00420290	gameplay	FUN_00420290	176	3	cdecl	3	int	-	0	low	1	-	0	0	0.0	-	0	0	5	0
004daa40	render	FUN_004daa40	176	1	cdecl	3	int	-	0	low	1	-	0	0	0.0	-	1	1	3	0
005a6cb0	audio	FUN_005a6cb0	176	3	cdecl	6	int	-	0	low	0	-	0	0	0.0	ok-asc	1	0	0	0
005a86a0	audio	FUN_005a86a0	176	2	cdecl	2	int	-	0	low	0	Win32	0	0	0.0	-	1	1	3	0
00415220	ai	FUN_00415220	177	1	cdecl	2	int	-	0	low	0	-	0	0	0.0	flag	1	1	7	0
0042c300	util	FUN_0042c300	177	1	cdecl	2	int	-	0	low	0	-	0	0	0.0	-	1	0	0	0
0049db00	particle	FUN_0049db00	177	3	stdcall	7	int	-	0	low	0	Win32	0	0	0.33	-	0	1	2	0
005aa7e0	audio	FUN_005aa7e0	177	1	cdecl	3	int	-	0	low	0	-	0	0	0.0	ambiguous	1	1	1	0
005b3020	audio	FUN_005b3020	177	1	cdecl	6	int	-	0	low	0	-	0	0	0.0	-	1	0	0	0
004b4430	util	Camera::BuildFrame	178	2	cdecl	3	int	-	0	low	1	-	0	1	0.5	ok-asc	1	0	0	0
00441c80	util	FUN_00441c80	179	2	cdecl	11	int	-	0	low	1	-	0	0	0.0	-	1	0	1	0
00459480	gameplay	FUN_00459480	179	5	cdecl	4	int	-	0	low	1	-	0	0	0.2	-	1	0	4	0
004c4530	render	FUN_004c4530	179	3	cdecl	2	int	-	0	low	1	-	0	0	0.0	-	1	1	2	0
004ce5d0	render	FUN_004ce5d0	179	2	cdecl	2	int	-	0	low	0	-	0	1	1.0	-	1	1	2	0
004013f0	hud	FUN_004013f0	181	7	cdecl	0	int	-	0	low	0	-	0	0	0.29	-	1	1	3	0
00456eb0	gameplay	FUN_00456eb0	181	0	fastcall/thiscall	0	int	-	0	low	1	-	0	0	0.0	-	1	1	3	0
00475210	render	FUN_00475210	182	3	cdecl	7	int	-	0	low	1	-	0	0	0.0	ambiguous	0	0	1	0
00418e70	gameplay	FUN_00418e70	183	6	cdecl	5	int	-	0	low	1	-	0	0	0.0	-	0	1	10	0
00498ea0	render	FUN_00498ea0	183	1	cdecl	0	int	-	0	low	0	-	0	0	0.0	-	1	1	14	0
00475d90	render	FUN_00475d90	184	1	cdecl	0	int	-	0	low	0	-	0	0	0.0	-	1	1	6	0
00458570	gameplay	FUN_00458570	185	3	cdecl	10	int	-	0	low	1	-	0	0	0.33	-	1	0	1	0
004b9730	input	FUN_004b9730	185	5	cdecl	2	int	-	0	low	0	-	0	0	0.2	ok-asc	1	0	6	0
005ab560	audio	FUN_005ab560	185	2	cdecl	5	int	-	0	low	0	Win32	0	0	0.0	-	1	1	6	0
005b6760	audio	FUN_005b6760	185	1	cdecl	5	int	-	0	low	0	-	0	0	0.0	-	0	0	0	0
0040da50	util	FUN_0040da50	186	7	fastcall/thiscall	3	int	-	0	low	0	-	0	0	0.14	-	1	1	4	0
00414060	util	FUN_00414060	186	4	cdecl	0	int	-	0	low	1	-	0	0	0.0	-	1	1	12	0
004647f0	audio	FUN_004647f0	186	2	cdecl	0	int	-	0	low	1	-	0	0	0.0	-	1	1	6	0
00474e70	render	FUN_00474e70	186	1	cdecl	14	int	-	0	low	1	-	0	0	0.0	-	1	0	0	0
00475770	render	FUN_00475770	186	1	cdecl	9	int	-	0	low	1	-	0	0	1.0	-	1	0	3	0
004ce2d0	render	FUN_004ce2d0	186	2	cdecl	2	int	-	0	low	1	-	0	1	1.0	ambiguous	1	1	2	0
005bc690	audio	FUN_005bc690	186	1	cdecl	8	int	-	0	low	0	-	0	0	0.0	-	1	0	0	0
0042c090	render	FUN_0042c090	187	1	cdecl	4	int	-	0	low	0	-	0	0	0.0	-	0	0	0	0
00489ce0	particle	FUN_00489ce0	187	0	cdecl	4	int	-	0	low	0	-	0	0	0.0	-	1	1	15	0
004cdd60	render	FUN_004cdd60	188	2	cdecl	2	int	-	0	low	0	-	0	1	1.0	ambiguous	1	1	1	0
0040ae30	gameplay	FUN_0040ae30	189	4	cdecl	10	int	-	0	low	1	-	0	0	0.0	-	1	0	2	0
00465e80	audio	FUN_00465e80	189	5	cdecl	2	int	-	0	low	0	-	0	0	0.0	-	1	1	2	0
0042d4a0	render	FUN_0042d4a0	190	5	cdecl	4	int	-	0	low	0	-	0	0	0.0	-	1	1	1	0
00471df0	boot	FUN_00471df0	190	1	fastcall/thiscall	0	int	-	0	low	1	-	0	0	0.0	-	1	1	6	0
005b9460	audio	FUN_005b9460	190	5	cdecl	2	int	-	0	low	0	-	0	0	0.0	-	1	1	0	0
00451990	gameplay	FUN_00451990	191	2	cdecl	4	int	-	0	low	1	-	0	1	0.5	-	0	1	0	0
0045cb20	gameplay	FUN_0045cb20	191	5	cdecl	3	int	-	0	low	1	-	0	0	0.0	-	1	1	3	0
00465f40	audio	FUN_00465f40	191	3	cdecl	3	int	-	0	low	1	-	0	0	0.0	-	1	1	4	0
00476650	render	FUN_00476650	191	1	cdecl	2	int	-	0	low	0	-	0	0	0.0	-	1	0	2	0
004c4470	render	sub_004c4470 (rwID_MATRIXMODULE ctor)	191	1	cdecl	3	int	-	0	low	0	-	0	0	0.0	-	1	1	6	0
00406070	gameplay	FUN_00406070	192	3	cdecl	0	int	-	0	low	0	-	0	0	0.0	-	1	1	3	0
00419100	gameplay	FUN_00419100	192	0	cdecl	9	int	-	0	low	0	-	0	0	0.0	ambiguous	1	1	0	0
005aa900	audio	FUN_005aa900	192	1	fastcall/thiscall	3	int	-	0	low	0	-	0	0	0.0	ambiguous	1	0	0	0
005bf710	audio	FUN_005bf710	192	4	cdecl	5	int	-	0	low	0	-	0	1	0.5	-	0	1	2	0
00434720	frontend	FUN_00434720	193	1	cdecl	0	int	-	0	med	0	-	0	0	0.0	flag	1	1	5	0
00458d00	gameplay	FUN_00458d00	193	2	cdecl	9	int	-	0	low	0	-	0	0	0.0	-	0	0	0	0
0048a060	particle	FUN_0048a060	194	1	cdecl	4	int	-	0	low	1	-	0	0	0.0	-	0	0	0	0
005aac20	audio	FUN_005aac20	194	2	cdecl	3	int	-	0	low	0	-	0	0	0.0	ok-asc	1	0	1	0
00556d70	hud	FUN_00556d70	195	3	cdecl	11	int	-	0	low	1	-	0	0	0.0	-	1	1	2	0
005a8390	audio	FUN_005a8390	195	1	cdecl	3	int	-	0	low	0	Win32	0	0	0.0	-	1	1	5	0
004cd070	render	RwRenderPrimitiveSubmit	196	3	cdecl	5	int	-	0	low	0	-	0	1	0.67	-	1	1	2	0
0040e590	util	FUN_0040e590	197	7	cdecl	6	int	-	0	low	0	-	0	0	0.0	-	1	1	6	0
004d7ca0	render	FUN_004d7ca0	197	2	cdecl	0	int	-	0	low	0	-	0	1	0.5	-	1	1	4	0
004072e0	render	FUN_004072e0	198	2	cdecl	5	int	-	0	low	0	-	0	0	0.0	-	1	1	4	0
00492370	boot	sub_00492370	198	15	stdcall	4	int	-	0	low	0	-	0	0	0.0	-	0	1	5	0
005bcab0	audio	FUN_005bcab0	198	1	fastcall/thiscall	1	int	-	0	low	0	-	0	0	0.0	-	1	0	8	0
005bf160	audio	FUN_005bf160	198	0	cdecl	8	int	-	0	low	0	-	0	0	0.0	-	1	0	0	0
0047a020	vehicle	FUN_0047a020	199	3	cdecl	3	int	-	0	low	0	-	0	0	0.0	-	1	1	7	0
005b03e0	audio	FUN_005b03e0	199	1	cdecl	5	int	-	0	low	0	-	0	0	0.0	-	1	0	0	0
004c4360	render	FUN_004c4360	200	0	cdecl	6	int	-	0	low	1	-	0	0	0.0	-	1	0	1	0
0040d040	util	Course::ValidateCarsFinished	201	4	cdecl	3	int	-	0	low	0	-	0	0	0.0	-	1	0	2	0
00451820	gameplay	FUN_00451820	201	5	cdecl	6	int	-	0	low	1	-	0	0	0.2	-	0	1	1	0
00401f10	render	FUN_00401f10	202	3	cdecl	0	int	-	0	low	0	-	0	0	0.33	-	1	1	2	0
00496c10	render	FUN_00496c10	202	2	cdecl	8	int	-	0	low	0	-	0	0	0.0	-	1	1	4	0
005acda0	audio	FUN_005acda0	202	3	cdecl	6	int	-	0	low	1	-	0	0	0.0	-	0	0	3	0
00555f20	hud	FontCtx_BuildExtTable	204	0	cdecl	2	int	-	0	low	1	-	0	0	0.0	-	1	1	2	0
004656e0	audio	FUN_004656e0	206	5	cdecl	7	int	-	0	low	0	-	0	0	0.0	-	1	1	3	0
00403c60	hud	FUN_00403c60	207	1	cdecl	7	void	-	0	low	0	-	0	0	0.0	ambiguous	0	0	0	0
00458a40	gameplay	FUN_00458a40	207	3	cdecl	4	int	-	0	low	1	-	0	0	0.33	-	1	0	3	0
0049e4b0	particle	FUN_0049e4b0	207	2	stdcall	6	int	-	0	low	0	Win32	0	1	0.5	-	1	1	3	0
005a8890	audio	FUN_005a8890	207	2	cdecl	2	int	-	0	low	1	Win32	0	0	0.0	-	1	1	3	0
005af070	audio	FUN_005af070	207	2	cdecl	7	int	-	0	low	0	-	0	0	0.0	-	1	0	0	0
0040c5b0	gameplay	FUN_0040c5b0	209	1	cdecl	5	int	-	0	low	0	-	0	0	0.0	ambiguous	1	1	6	0
0046c5f0	vehicle	FUN_0046c5f0	210	1	fastcall/thiscall	3	int	-	0	low	1	-	0	0	0.0	-	1	0	2	0
00472740	gameplay	FUN_00472740	210	1	cdecl	4	int	-	0	low	1	-	0	0	0.0	-	0	0	2	0
004025f0	boot	FUN_004025f0	211	4	fastcall/thiscall	13	int	-	0	low	0	-	0	0	0.0	-	1	0	2	0
0045c030	gameplay	FUN_0045c030	211	3	cdecl	10	int	-	0	low	1	-	0	1	0.67	-	1	0	0	0
005b6260	audio	FUN_005b6260	211	0	cdecl	6	int	-	0	low	0	-	0	0	0.0	ambiguous	0	1	2	0
004623e0	audio	FUN_004623e0	213	3	cdecl	0	int	-	0	low	1	-	0	0	0.0	-	1	1	7	0
00477f50	render	FUN_00477f50	213	1	cdecl	8	int	-	0	low	1	-	0	0	0.0	-	1	0	1	0
004095a0	gameplay	FUN_004095a0	214	3	cdecl	8	int	-	0	low	1	-	0	0	0.0	ambiguous	1	1	4	0
00414490	ai	FUN_00414490	214	3	cdecl	10	int	-	0	low	1	-	0	0	0.33	-	1	1	2	0
004587a0	vehicle	FUN_004587a0	214	10	cdecl	3	int	-	0	low	0	-	0	0	0.0	ambiguous	0	1	8	0
0042c3c0	util	FUN_0042c3c0	215	3	cdecl	8	int	-	0	low	1	-	0	0	0.0	flag	0	1	3	0
00411f30	vehicle	FUN_00411f30	216	10	cdecl	8	int	-	0	low	0	-	0	0	0.1	ambiguous	0	1	6	0
0049de90	particle	FUN_0049de90	216	4	cdecl	3	int	-	0	low	0	-	0	1	0.5	-	1	1	4	0
00555280	hud	FontSys_ShutdownContextPool	216	3	cdecl	0	int	-	0	low	0	-	0	0	0.33	-	1	1	9	0
004892c0	particle	FUN_004892c0	218	3	fastcall/thiscall	4	int	-	0	low	1	-	0	0	0.0	-	1	0	4	0
0049f5b0	particle	FUN_0049f5b0	218	3	stdcall	5	int	-	0	low	0	-	0	0	0.33	-	1	1	0	0
00458b10	gameplay	FUN_00458b10	219	2	cdecl	0	int	-	0	low	1	-	0	1	0.5	-	1	1	6	0
0049f4d0	particle	FUN_0049f4d0	219	3	stdcall	7	int	-	0	low	0	-	0	1	0.67	-	1	0	0	0
005554d0	hud	FUN_005554d0	219	1	fastcall/thiscall	7	int	-	0	low	1	-	0	0	0.0	ambiguous	1	0	0	0
00460270	audio	FUN_00460270	220	4	cdecl	1	int	-	0	low	1	-	0	0	0.0	-	1	1	9	0
004dcaa0	render	FUN_004dcaa0	220	0	cdecl	2	int	-	0	low	0	-	0	0	0.0	-	1	1	5	0
0040b540	util	FUN_0040b540	221	1	cdecl	2	int	-	0	low	0	-	0	0	0.0	-	1	1	5	0
00454cd0	render	FUN_00454cd0	222	4	cdecl	6	int	-	0	low	1	-	0	0	0.0	-	1	1	6	0
00405460	util	FUN_00405460	223	3	cdecl	4	int	-	0	low	1	-	0	0	0.0	-	1	1	8	0
00407be0	gameplay	FUN_00407be0	225	1	fastcall/thiscall	2	int	-	0	low	0	-	0	0	0.0	-	1	0	0	0
004c4dc0	util	FUN_004c4dc0	225	1	cdecl	2	int	-	0	low	1	-	0	0	1.0	ok-asc	1	1	2	0
0041bf20	hud	FUN_0041bf20	226	2	cdecl	0	int	-	0	low	0	-	0	0	0.0	-	1	1	10	0
0041d730	util	sub_0041d730	226	2	cdecl	0	int	-	0	low	0	-	0	0	0.0	-	1	1	10	0
004298e0	hud	TimeDisplay::InitForLap	226	2	cdecl	8	int	-	0	low	0	-	0	0	0.0	-	0	1	4	0
00465940	audio	FUN_00465940	228	5	cdecl	2	int	-	0	low	1	-	0	0	0.0	-	1	1	4	0
00465a30	audio	FUN_00465a30	228	5	cdecl	2	int	-	0	low	1	-	0	0	0.0	-	1	1	4	0
0046d570	ai	FUN_0046d570	228	2	cdecl	4	int	-	0	low	1	-	0	1	0.5	-	0	1	10	0
00486370	particle	FUN_00486370	228	2	cdecl	6	int	-	0	low	1	-	0	1	0.5	-	1	1	3	0
0040de30	render	sub_0040de30	229	4	cdecl	11	int	-	0	low	1	-	0	0	0.0	-	1	1	4	0
00430670	frontend	FUN_00430670	229	1	cdecl	6	int	-	0	low	0	-	0	0	0.0	-	1	1	5	0
00455b50	hud	FUN_00455b50	229	6	cdecl	0	int	-	0	low	1	-	0	0	0.0	-	1	1	8	0
0047ba20	gameplay	FUN_0047ba20	230	1	cdecl	8	int	-	0	low	1	-	0	0	1.0	-	1	1	1	0
005b6820	audio	FUN_005b6820	230	1	fastcall/thiscall	7	int	-	0	low	0	-	0	0	0.0	-	1	0	0	0
00477920	util	FUN_00477920	231	2	fastcall/thiscall	1	int	-	0	low	1	-	0	0	0.0	ambiguous	1	1	7	0
004c5cb0	render	FUN_004c5cb0	231	2	cdecl	4	int	-	0	low	0	-	0	1	1.0	ok-asc	1	1	3	0
004cc400	render	FUN_004cc400	231	4	cdecl	11	int	-	0	low	0	-	0	1	0.75	ambiguous	1	0	0	0
0041a9d0	render	FUN_0041a9d0	232	2	cdecl	6	int	-	0	low	1	-	0	1	0.5	-	1	0	5	0
0045c550	gameplay	FUN_0045c550	232	0	fastcall/thiscall	2	int	-	0	low	0	-	0	0	0.0	-	1	1	3	0
00427f00	hud	FUN_00427f00	233	7	cdecl	5	int	-	0	low	1	-	0	0	0.0	ambiguous	1	1	5	0
00443210	render	FUN_00443210	233	1	cdecl	9	int	-	0	low	1	-	0	0	0.0	-	0	0	5	0
00465b20	audio	FUN_00465b20	233	5	cdecl	3	int	-	0	low	1	-	0	0	0.0	-	1	1	4	0
005a6b70	audio	FUN_005a6b70	233	3	cdecl	9	int	-	0	low	0	-	0	0	0.0	-	1	1	1	0
004c5680	render	FUN_004c5680	234	1	cdecl	6	int	-	0	low	1	-	0	0	0.0	-	1	0	1	0
0047be80	track	FUN_0047be80	235	2	fastcall/thiscall	7	int	-	0	low	1	-	0	1	0.5	-	1	1	1	0
0040b090	render	sub_0040b090	236	9	cdecl	3	int	-	0	low	1	-	0	0	0.0	ambiguous	0	1	4	0
00425d50	util	FUN_00425d50	236	3	cdecl	6	int	-	0	low	1	-	0	0	0.0	-	1	1	6	0
0045de80	render	FUN_0045de80	236	0	fastcall/thiscall	4	int	-	0	low	0	-	0	0	0.0	-	1	1	6	0
004cb600	render	FUN_004cb600	236	1	cdecl	2	int	-	0	low	1	-	0	0	0.0	-	1	1	4	0
004073b0	util	FUN_004073b0	237	4	cdecl	5	int	-	0	low	0	-	0	0	0.0	-	1	1	4	0
00417640	ai	FUN_00417640	237	8	cdecl	9	int	-	0	low	1	-	0	0	0.0	-	1	1	4	0
004273e0	frontend	FUN_004273e0	237	2	fastcall/thiscall	8	int	-	0	low	1	-	0	0	0.0	-	1	1	3	0
0048a4e0	particle	FUN_0048a4e0	238	6	cdecl	13	int	-	0	low	1	-	0	0	0.0	-	1	0	0	0
0044e0a0	util	FUN_0044e0a0	239	6	cdecl	11	int	-	0	low	1	-	0	0	0.0	-	1	0	2	0
00493390	util	FUN_00493390	239	1	cdecl	1	int	-	0	low	1	-	0	0	0.0	-	0	1	12	0
00462dd0	audio	FUN_00462dd0	240	4	fastcall/thiscall	0	int	-	0	low	0	-	0	0	0.0	-	1	1	19	0
004ce390	render	FUN_004ce390	240	1	cdecl	3	int	-	0	low	0	-	0	0	0.0	-	1	1	2	0
004b67e0	render	FUN_004b67e0	241	2	cdecl	11	int	-	0	low	0	Win32	0	1	0.5	ok-asc	1	1	9	0
00418bd0	render	FUN_00418bd0	243	3	cdecl	10	int	-	0	low	1	-	0	0	0.0	-	1	1	1	0
00412e30	render	FUN_00412e30	244	2	cdecl	10	int	-	0	low	1	-	0	0	0.0	-	1	1	5	0
0042f400	frontend	FUN_0042f400	244	3	cdecl	8	int	-	0	low	0	-	0	0	0.0	-	1	1	2	0
004322c0	frontend	FUN_004322c0	244	4	fastcall/thiscall	0	int	-	0	low	0	-	0	0	0.0	-	1	1	7	0
004cc5e0	render	FUN_004cc5e0	244	4	cdecl	9	int	-	0	low	0	-	0	1	0.75	ambiguous	1	0	0	0
00466a50	audio	FUN_00466a50	245	9	cdecl	0	int	-	0	low	0	-	0	0	0.0	-	1	1	9	0
0041b340	hud	FUN_0041b340	246	0	cdecl	0	int	-	0	low	0	-	0	0	0.0	flag	1	1	0	0
00427e00	frontend	FUN_00427e00	246	9	cdecl	4	int	-	0	low	1	-	0	0	0.0	ambiguous	1	1	5	0
004b4550	util	FUN_004b4550	247	0	cdecl	3	int	-	0	low	1	-	0	0	0.0	ok-asc	1	0	1	0
004b60c0	render	FUN_004b60c0	247	2	cdecl	15	int	-	0	low	1	-	0	1	0.5	-	1	1	1	0
00427680	hud	FontText_ComputeScreenXY	248	3	cdecl	5	int	-	0	low	1	-	0	0	0.0	ambiguous	0	1	9	0
00492e90	boot	FUN_00492e90	248	4	cdecl	5	int	-	0	low	1	-	0	0	0.0	-	1	1	11	0
0049dd60	video	FUN_0049dd60	248	2	stdcall	4	int	-	0	low	0	Win32	0	1	1.0	-	0	1	5	0
00442ce0	vehicle	VehicleRubberBandSpeedModifier	249	2	cdecl	3	int	-	0	low	1	-	0	0	0.0	-	1	1	8	0
0044c4f0	render	FUN_0044c4f0	250	4	cdecl	4	int	-	0	low	1	-	0	0	0.25	ambiguous	1	0	4	0
00466000	audio	FUN_00466000	250	4	cdecl	6	int	-	0	low	1	-	0	0	0.0	-	1	1	6	0
005a8750	audio	FUN_005a8750	250	1	cdecl	5	int	-	0	low	1	Win32	0	0	0.0	-	1	1	3	0
005ad320	audio	FUN_005ad320	251	1	cdecl	5	int	-	0	low	0	-	0	0	0.0	-	1	0	0	0
00465ca0	audio	FUN_00465ca0	252	5	cdecl	3	int	-	0	low	0	-	0	0	0.0	-	1	1	6	0
004db2e0	render	FUN_004db2e0	252	6	cdecl	3	int	-	0	low	0	-	0	0	0.0	-	0	0	0	0
00484f70	world-objects	FUN_00484f70	254	0	cdecl	3	int	-	0	low	1	-	0	0	0.0	-	1	1	3	0
004ccce0	render	FUN_004ccce0	254	0	cdecl	6	int	-	0	low	1	-	0	0	0.0	-	1	1	1	0
004c8800	render	FUN_004c8800	255	0	cdecl	7	int	-	0	low	0	Win32	0	0	0.0	-	1	1	13	0
005abd30	audio	FUN_005abd30	255	7	cdecl	10	int	-	0	low	1	-	0	0	0.0	-	1	0	0	0
00471cf0	camera	FUN_00471cf0	256	2	cdecl	4	int	-	0	low	0	-	0	0	0.0	-	1	1	2	0
00405780	gameplay	FUN_00405780	257	1	cdecl	3	int	-	0	low	0	-	0	0	0.0	-	1	1	2	0
00453100	gameplay	FUN_00453100	258	6	cdecl	7	int	-	0	low	1	-	0	0	0.0	-	1	0	6	0
00558b40	gameplay	FUN_00558b40	258	1	cdecl	9	int	-	0	low	1	-	0	0	0.0	-	1	0	1	0
0044c740	render	FUN_0044c740	259	0	cdecl	2	void	-	0	low	1	-	0	0	0.0	-	1	0	4	0
004113b0	boot	FUN_004113b0	260	4	cdecl	2	int	-	0	low	1	-	0	0	0.0	ambiguous	1	1	9	0
0041c410	render	FUN_0041c410	260	1	cdecl	3	int	-	0	low	0	-	0	0	0.0	ambiguous	1	1	4	0
004b5080	render	FUN_004b5080	260	3	cdecl	13	int	-	0	low	1	-	0	1	0.67	ok-asc	1	0	0	0
005bd500	audio	FUN_005bd500	261	1	cdecl	6	int	-	0	low	0	-	0	0	0.0	-	1	0	0	0
004069d0	gameplay	FUN_004069d0	264	3	cdecl	8	int	-	0	low	1	-	0	0	0.33	ambiguous	1	0	6	0
0044bd50	render	FUN_0044bd50	266	4	fastcall/thiscall	8	int	-	0	low	1	-	0	1	0.75	-	1	1	1	0
004829d0	vehicle	Replay::WriteFrame	267	1	cdecl	4	int	-	0	low	1	-	0	0	0.0	-	1	1	1	0
005af8f0	audio	FUN_005af8f0	268	6	cdecl	3	int	-	0	low	0	-	0	0	0.0	-	1	0	1	0
004ceba0	render	FUN_004ceba0	271	2	cdecl	5	int	-	0	low	1	-	0	1	1.0	-	1	0	0	0
004d4910	render	FUN_004d4910	271	2	cdecl	2	int	-	0	low	0	-	0	1	1.0	-	1	1	1	0
00490380	util	FUN_00490380	272	3	cdecl	1	int	-	0	low	1	-	0	1	0.67	-	1	1	7	0
00414f00	ai	FUN_00414f00	274	8	cdecl	9	int	-	0	low	1	-	0	0	0.0	-	1	0	4	0
00475c10	util	FUN_00475c10	274	5	cdecl	4	int	-	0	low	1	-	0	0	0.0	-	1	1	6	0
0048f9f0	particle	FUN_0048f9f0	275	7	cdecl	9	int	-	0	low	1	-	0	0	0.0	-	1	1	11	0
005bf230	audio	FUN_005bf230	275	4	cdecl	4	int	-	0	low	0	-	0	0	0.0	-	1	1	7	0
00498c00	render	VideoModeTableInit	276	9	cdecl	0	int	-	0	low	0	-	0	1	0.89	-	1	1	6	0
004d9ee0	render	FUN_004d9ee0	277	0	cdecl	8	int	-	0	low	1	-	0	0	0.0	-	1	0	2	0
005b29e0	audio	FUN_005b29e0	277	0	cdecl	2	int	-	0	low	0	Win32	0	0	0.0	-	1	0	2	0
00403db0	render	FUN_00403db0	278	1	cdecl	8	void	-	0	low	0	-	0	0	0.0	ambiguous	0	0	0	0
0045a590	gameplay	FUN_0045a590	278	5	cdecl	10	int	-	0	low	1	-	0	0	0.2	-	1	0	4	0
004644a0	audio	FUN_004644a0	278	7	cdecl	3	int	-	0	low	1	-	0	0	0.0	ambiguous	1	1	5	0
0044bc30	render	FUN_0044bc30	279	2	fastcall/thiscall	15	int	-	0	low	1	-	0	1	0.5	ambiguous	1	0	2	0
0048aa50	particle	FUN_0048aa50	279	3	cdecl	9	int	-	0	low	1	-	0	0	0.33	-	0	1	1	0
005b7110	audio	FUN_005b7110	279	1	cdecl	2	int	-	0	low	0	-	0	0	0.0	-	1	1	0	0
00459290	vehicle	FUN_00459290	280	9	fastcall/thiscall	4	int	-	0	low	0	-	0	0	0.0	ambiguous	1	1	7	0
0041f3d0	gameplay	FUN_0041f3d0	281	4	cdecl	8	int	-	0	low	1	-	0	0	0.25	ambiguous	1	0	6	0
00415d00	ai	FUN_00415d00	282	4	cdecl	14	int	-	0	low	1	-	0	0	0.0	-	1	0	3	0
0044be70	render	FUN_0044be70	282	4	fastcall/thiscall	8	int	-	0	low	1	-	0	1	0.75	-	1	1	1	0
004864f0	particle	FUN_004864f0	282	3	cdecl	9	int	-	0	low	1	-	0	0	0.33	-	0	1	4	0
004b8340	input	FUN_004b8340	282	5	cdecl	4	int	-	0	low	0	-	0	1	0.8	ok-asc	1	0	1	0
0045dd60	audio	FUN_0045dd60	283	4	cdecl	2	int	-	0	low	1	-	0	0	0.0	-	1	1	12	0
00487020	render	FUN_00487020	284	5	cdecl	10	int	-	0	low	1	-	0	0	0.0	ambiguous	1	1	2	0
004927c0	vehicle	FUN_004927c0	284	0	cdecl	12	int	-	0	low	0	-	0	0	0.0	ambiguous	1	1	17	0
004967e0	input	FUN_004967e0	284	7	cdecl	0	int	-	0	low	0	-	0	0	0.14	-	1	1	14	0
0048f780	particle	FUN_0048f780	287	1	cdecl	7	int	-	0	low	1	-	0	0	0.0	-	1	1	16	0
005ad420	audio	FUN_005ad420	287	3	cdecl	5	int	-	0	low	1	-	0	0	0.0	ambiguous	1	0	0	0
005bbdb0	audio	FUN_005bbdb0	287	1	cdecl	16	int	-	0	low	0	-	0	0	0.0	-	1	0	2	0
0040d470	util	FUN_0040d470	288	5	fastcall/thiscall	4	int	-	0	low	1	-	0	0	0.0	-	1	1	6	0
00422160	render	FUN_00422160	289	6	cdecl	3	int	-	0	low	0	-	0	0	0.0	-	1	1	1	0
004430e0	render	FUN_004430e0	289	1	cdecl	11	int	-	0	low	0	-	0	0	0.0	-	1	1	10	0
00477a10	render	FUN_00477a10	290	5	cdecl	2	int	-	0	low	1	-	0	1	0.8	ambiguous	1	1	6	0
005aa200	audio	FUN_005aa200	290	2	cdecl	5	int	-	0	low	0	-	0	0	0.0	-	1	0	0	0
005bf8f0	audio	FUN_005bf8f0	290	1	cdecl	8	int	-	0	low	0	-	0	0	1.0	-	1	0	1	0
004d4dd0	render	FUN_004d4dd0	291	4	cdecl	2	int	-	0	low	0	-	0	1	0.5	-	1	1	2	0
005b3a00	audio	FUN_005b3a00	291	4	cdecl	5	int	-	0	low	1	-	0	0	0.0	ok-asc	1	1	0	0
005bff40	audio	FUN_005bff40	293	0	stdcall	3	int	-	0	low	0	-	0	0	0.0	-	1	0	1	0
005bac00	audio	FUN_005bac00	294	1	cdecl	13	int	-	0	low	0	-	0	0	0.0	-	1	0	3	0
005b6910	audio	FUN_005b6910	296	1	cdecl	11	int	-	0	low	0	-	0	0	0.0	-	0	0	0	0
0042f8d0	frontend	MenuMenusBC	297	1	cdecl	16	int	-	0	low	1	-	0	0	0.0	ambiguous	0	1	2	0
005a9ab0	audio	FUN_005a9ab0	297	3	cdecl	6	int	-	0	low	1	-	0	0	0.0	-	1	1	5	0
0045ac40	gameplay	FUN_0045ac40	298	0	fastcall/thiscall	4	int	-	0	low	1	-	0	0	0.0	-	1	1	3	0
0049df70	particle	FUN_0049df70	298	2	stdcall	7	int	-	0	low	0	Win32	0	1	1.0	-	1	0	2	0
004cb190	render	FUN_004cb190	298	0	cdecl	2	int	-	0	low	0	-	0	0	0.0	-	1	1	3	0
00418aa0	render	FUN_00418aa0	299	5	cdecl	7	int	-	0	low	1	-	0	0	0.2	-	1	1	3	0
0042f530	render	sub_0042f530	299	4	fastcall/thiscall	4	int	-	0	low	0	-	0	0	0.0	ambiguous	1	1	6	0
00430120	frontend	FUN_00430120	300	1	cdecl	5	int	-	0	low	0	-	0	0	0.0	ambiguous	1	1	6	0
00497060	render	FUN_00497060	300	3	cdecl	13	int	-	0	low	1	-	0	0	0.33	-	0	1	0	0
004b59c0	render	FUN_004b59c0	300	3	cdecl	15	int	-	0	low	0	-	0	1	0.67	-	1	1	1	0
004caea0	render	FUN_004caea0	300	2	cdecl	0	int	-	0	low	1	-	0	0	0.0	-	1	1	22	0
00482ae0	vehicle	FUN_00482ae0	301	0	cdecl	5	int	-	0	low	1	-	0	0	0.0	-	1	0	4	0
0042bcb0	frontend	FUN_0042bcb0	303	3	cdecl	19	int	-	0	low	1	-	0	0	0.0	-	1	1	15	0
0045c350	util	Bezier::Interpolate	303	5	cdecl	13	int	-	0	low	0	-	0	0	0.2	ambiguous	1	1	0	0
004858c0	smplfzx	FUN_004858c0	305	1	fastcall/thiscall	5	int	-	0	low	1	-	0	0	0.0	-	1	0	4	0
00427990	render	FUN_00427990	306	7	cdecl	5	int	-	0	low	1	-	0	0	0.0	-	0	1	9	0
005bbc10	audio	FUN_005bbc10	306	1	cdecl	15	int	-	0	low	0	-	0	0	0.0	-	1	0	0	0
00443300	ai	FUN_00443300	307	0	fastcall/thiscall	3	int	-	0	low	1	-	0	0	0.0	-	1	0	6	0
005ad770	audio	FUN_005ad770	307	7	cdecl	6	int	-	0	low	1	-	0	0	0.0	ok-asc	0	0	2	0
00401da0	frontend	FUN_00401da0	309	6	cdecl	7	int	-	0	low	1	-	0	1	0.5	-	1	1	4	0
0047bf70	track	FUN_0047bf70	309	5	cdecl	8	int	-	0	low	1	-	0	0	0.0	-	1	1	1	0
004d9360	render	FUN_004d9360	309	0	cdecl	6	int	-	0	low	1	-	0	0	0.0	-	1	1	4	0
00413a40	render	FUN_00413a40	310	0	cdecl	4	int	-	0	low	0	-	0	0	0.0	-	1	1	5	0
004d5190	render	FUN_004d5190	310	2	cdecl	5	int	-	0	low	1	-	0	1	1.0	-	1	1	2	0
0041c180	hud	FUN_0041c180	311	4	cdecl	13	int	-	0	low	1	-	0	1	0.5	-	1	1	4	0
00418f50	gameplay	FUN_00418f50	312	0	fastcall/thiscall	0	int	-	0	low	1	-	0	0	0.0	-	1	1	5	0
004ccf20	render	FUN_004ccf20	312	0	cdecl	0	int	-	0	low	0	-	0	0	0.0	-	1	1	4	0
00412cf0	hud	FUN_00412cf0	313	3	cdecl	12	int	-	0	low	1	-	0	0	0.0	-	1	1	4	0
00428bf0	frontend	FUN_00428bf0	313	13	cdecl	7	int	-	0	low	1	-	0	0	0.15	-	0	1	6	0
005b41f0	audio	FUN_005b41f0	314	2	cdecl	7	int	-	0	low	1	-	0	0	0.0	-	1	0	0	0
0040d110	track	FUN_0040d110	320	11	cdecl	18	int	-	0	low	0	-	0	0	0.09	-	1	0	2	0
00496ec0	render	FUN_00496ec0	320	2	cdecl	11	int	-	0	low	1	-	0	0	0.0	-	1	1	0	0
004cee90	render	FUN_004cee90	320	5	cdecl	9	int	-	0	low	0	-	0	0	0.4	-	1	1	3	0
004d9a60	render	FUN_004d9a60	320	0	cdecl	10	int	-	0	low	1	-	0	0	0.0	-	1	0	4	0
005adc10	audio	FUN_005adc10	321	9	cdecl	2	int	-	0	low	0	-	0	0	0.0	ok-asc	1	0	1	0
00491340	render	FUN_00491340	323	3	cdecl	5	int	-	0	low	1	-	0	0	0.33	-	1	1	4	0
004c51a0	render	RwMatrixTranslate	323	2	cdecl	3	int	-	0	low	1	-	0	1	1.0	-	1	0	1	0
004cf160	render	FUN_004cf160	325	1	cdecl	1	int	-	0	med	1	-	0	0	1.0	-	1	1	6	0
00421160	render	FUN_00421160	327	4	cdecl	3	int	-	0	low	1	-	0	0	0.0	-	1	1	5	0
004ce790	render	FUN_004ce790	328	0	cdecl	8	int	-	0	low	1	-	0	0	0.0	ok-asc	1	1	2	0
005abe30	audio	FUN_005abe30	328	6	cdecl	10	int	-	0	low	1	-	0	0	0.0	-	1	0	0	0
0041fcc0	render	TireMarkRender	329	9	fastcall/thiscall	12	int	-	0	low	1	-	0	0	0.44	flag	1	1	5	0
00441b30	camera	FUN_00441b30	329	2	cdecl	9	int	-	0	low	1	-	0	1	0.5	-	1	1	0	0
00472b10	render	FUN_00472b10	331	0	cdecl	6	int	-	0	low	1	-	0	0	0.0	-	1	1	20	0
0049fcc0	particle	FUN_0049fcc0	331	1	stdcall	3	int	-	0	low	0	-	0	0	0.0	-	1	1	1	0
0048f8a0	particle	FUN_0048f8a0	332	8	cdecl	10	int	-	0	low	1	-	0	0	0.0	-	1	0	5	0
00427ff0	hud	FontText_DrawTextRotated	334	11	cdecl	6	int	-	0	low	1	-	0	0	0.0	-	1	1	6	0
0040d8f0	gameplay	FUN_0040d8f0	337	9	cdecl	11	int	-	0	low	1	-	0	0	0.0	-	1	1	5	0
00475ab0	render	FUN_00475ab0	337	0	cdecl	5	int	-	0	low	1	-	0	0	0.0	ambiguous	1	1	5	0
0048cf90	particle	FUN_0048cf90	337	2	cdecl	3	int	-	0	low	1	-	0	0	0.0	-	1	1	9	0
004c4eb0	render	RwMatrixInvert_CofactorPath	338	0	cdecl	2	int	-	0	low	1	-	0	0	0.0	-	1	0	1	0
00428140	frontend	FUN_00428140	340	9	cdecl	6	int	-	0	low	1	-	0	0	0.0	ambiguous	1	1	6	0
00499400	save	VideoSettingsDispatcher	341	5	cdecl	6	int	-	0	low	1	Win32	0	0	0.0	-	1	1	19	0
004041c0	render	FUN_004041c0	343	2	cdecl	12	int	-	0	low	1	-	0	0	0.0	-	0	1	11	0
00427ca0	hud	FontText_HudInit	344	7	cdecl	18	int	-	0	low	0	-	0	0	0.0	ambiguous	0	1	18	0
004cb330	render	FUN_004cb330	344	0	cdecl	2	int	-	0	med	1	-	0	0	0.0	-	1	1	6	0
004764f0	util	FUN_004764f0	347	3	fastcall/thiscall	6	int	-	0	low	1	-	0	0	0.33	-	1	1	2	0
004d9ba0	render	FUN_004d9ba0	349	1	cdecl	11	int	-	0	low	0	-	0	0	0.0	-	1	0	0	0
00552e40	hud	FontCtx_FlushMatrix	350	5	cdecl	15	int	-	0	low	1	-	0	1	0.6	-	1	1	12	0
004627f0	audio	FUN_004627f0	351	13	cdecl	8	int	-	0	low	0	-	0	0	0.0	ambiguous	1	1	10	0
0046dc20	vehicle	VehicleOOBDebugDraw	351	1	cdecl	7	int	-	0	low	0	-	0	0	0.0	-	1	1	15	0
0040fc00	util	Race::Tick	352	28	cdecl	2	int	-	0	low	1	-	0	0	0.04	-	1	1	9	0
00555360	hud	FUN_00555360	353	2	cdecl	0	int	-	0	low	0	-	0	1	0.5	ambiguous	1	1	20	0
005b3300	audio	FUN_005b3300	354	4	cdecl	2	int	-	0	low	0	Win32	0	0	0.0	-	1	1	2	0
0048b650	particle	FUN_0048b650	355	0	fastcall/thiscall	2	int	-	0	low	1	-	0	0	0.0	-	1	1	12	0
004e02d0	render	FUN_004e02d0	355	0	cdecl	2	int	-	0	low	0	-	0	0	0.0	-	1	1	1	0
004b42c0	render	FUN_004b42c0	356	6	cdecl	10	int	-	0	low	1	-	0	0	0.33	-	1	1	0	0
00441820	util	CameraPath::SamplePoint	357	6	cdecl	8	int	-	0	low	1	-	0	0	0.33	-	1	1	4	0
00464ca0	audio	FUN_00464ca0	357	5	cdecl	0	int	-	0	low	1	-	0	0	0.0	ambiguous	1	1	7	0
005b5e00	audio	FUN_005b5e00	359	1	fastcall/thiscall	10	int	-	0	low	1	-	0	0	0.0	-	1	1	0	0
004103a0	util	TimeTrial::LapFinishProcessor	360	16	cdecl	2	int	-	0	low	1	-	0	0	0.0	-	1	1	9	0
0048f420	render	FUN_0048f420	364	1	cdecl	4	int	-	0	low	1	-	0	0	0.0	-	1	1	9	0
004db3e0	render	FUN_004db3e0	368	2	cdecl	25	int	-	0	low	0	-	0	0	0.0	-	1	1	9	0
00464670	audio	FUN_00464670	369	6	cdecl	6	int	-	0	low	1	-	0	0	0.0	flag	1	1	11	0
00431b80	frontend	FUN_00431b80	370	0	cdecl	1	void	-	0	low	0	-	0	0	0.0	ambiguous	1	1	4	0
0047bb10	gameplay	FUN_0047bb10	370	3	cdecl	13	int	-	0	low	1	-	0	0	0.0	-	1	0	1	0
005ace70	audio	FUN_005ace70	374	3	cdecl	5	int	-	0	low	1	-	0	0	0.0	ambiguous	0	0	10	0
004ce970	render	FUN_004ce970	375	4	cdecl	2	int	-	0	low	0	-	0	0	0.0	-	1	1	3	0
004d6ce0	render	FUN_004d6ce0	375	0	cdecl	2	int	-	0	low	0	-	0	0	0.0	-	1	1	12	0
004046a0	util	FUN_004046a0	377	3	cdecl	1	int	-	0	low	1	-	0	0	0.0	ambiguous	1	1	21	0
00453730	gameplay	FUN_00453730	377	9	cdecl	13	int	-	0	low	1	-	0	0	0.11	-	1	1	1	0
0041a250	hud	FUN_0041a250	378	5	cdecl	15	int	-	0	low	1	-	0	0	0.4	-	1	1	5	0
004c52f0	render	RwMatrixCombine	378	2	cdecl	5	int	-	0	low	1	-	0	1	1.0	-	1	1	3	0
004cf2b0	render	FUN_004cf2b0	378	6	cdecl	15	int	-	0	low	1	-	0	1	0.5	-	1	0	0	0
004492b0	render	SkyDomeRender	379	13	cdecl	5	int	-	0	low	0	-	0	0	0.15	-	1	1	1	0
00472dc0	frontend	FUN_00472dc0	379	2	cdecl	9	int	-	0	low	1	-	0	0	0.0	-	1	1	11	0
00416060	ai	FUN_00416060	384	2	fastcall/thiscall	9	int	-	0	low	1	-	0	0	0.0	-	1	1	7	0
0041f590	gameplay	FUN_0041f590	384	2	cdecl	7	int	-	0	low	1	-	0	0	0.0	-	1	1	6	0
0041e6c0	hud	FUN_0041e6c0	385	6	cdecl	15	int	-	0	low	1	-	0	0	0.33	-	0	1	6	0
004288a0	frontend	FUN_004288a0	386	3	cdecl	9	int	-	0	low	1	-	0	0	0.0	-	0	1	5	0
0049e6c0	particle	FUN_0049e6c0	386	3	stdcall	4	int	-	0	low	0	Win32	0	0	0.33	-	1	1	3	0
0048f290	render	FUN_0048f290	389	2	cdecl	5	int	-	0	low	1	-	0	0	0.0	-	1	1	15	0
00442440	util	FUN_00442440	391	4	cdecl	11	int	-	0	low	1	-	0	1	0.5	-	1	0	1	0
00473220	render	FUN_00473220	394	2	cdecl	9	int	-	0	low	1	-	0	0	0.0	-	1	1	15	0
004733b0	render	FUN_004733b0	394	2	cdecl	9	int	-	0	low	1	-	0	0	0.0	-	1	1	15	0
00484de0	world-objects	FUN_00484de0	394	0	fastcall/thiscall	4	int	-	0	low	1	-	0	0	0.0	-	1	1	2	0
004cefd0	render	FUN_004cefd0	395	2	cdecl	4	int	-	0	low	0	-	0	1	1.0	-	1	1	2	0
00405920	gameplay	FUN_00405920	398	7	cdecl	11	int	-	0	low	1	-	0	0	0.14	-	1	1	2	0
00414300	ai	FUN_00414300	398	2	cdecl	10	int	-	0	low	1	-	0	0	0.0	-	1	0	3	0
004228f0	render	FUN_004228f0	399	4	cdecl	4	int	-	0	low	1	-	0	1	0.75	-	1	1	4	0
00495350	frontend	IntroSplashOrchestrator	402	14	cdecl	0	int	-	0	med	1	-	0	0	0.07	-	1	0	3	0
0041aac0	render	FUN_0041aac0	403	2	fastcall/thiscall	8	int	-	0	low	1	-	0	1	0.5	-	1	1	6	0
005baa60	audio	FUN_005baa60	404	1	cdecl	15	int	-	0	low	1	-	0	0	0.0	-	1	0	4	0
00441990	util	FUN_00441990	407	4	cdecl	8	int	-	0	low	1	-	0	0	0.0	-	0	1	8	0
0048b7c0	particle	FUN_0048b7c0	407	8	cdecl	15	int	-	0	low	1	-	0	0	0.38	-	0	1	10	0
0040aef0	gameplay	FUN_0040aef0	409	3	cdecl	10	int	-	0	low	1	-	0	1	0.67	-	1	1	6	0
0042c7c0	util	FUN_0042c7c0	409	1	cdecl	4	int	-	0	low	0	-	0	0	0.0	-	1	1	8	0
00411d90	vehicle	Replay::CreateOrLoad	410	12	cdecl	6	int	-	0	low	1	-	0	0	0.0	-	1	1	15	0
004034a0	render	FUN_004034a0	412	7	cdecl	4	int	-	0	low	0	-	0	0	0.0	-	1	1	13	0
004b55a0	render	FUN_004b55a0	421	1	cdecl	11	int	-	0	low	1	-	0	0	0.0	-	1	1	2	0
004642f0	audio	FUN_004642f0	422	9	fastcall/thiscall	7	int	-	0	low	1	-	0	0	0.0	-	1	1	9	0
004c9fb0	render	FUN_004c9fb0	424	2	cdecl	7	int	-	0	low	1	Win32	0	0	0.0	-	1	1	9	0
004d80d0	render	FUN_004d80d0	425	3	cdecl	5	int	-	0	low	1	-	0	0	0.33	-	1	1	1	0
004704c0	vehicle	FUN_004704c0	427	7	cdecl	9	int	-	0	low	1	-	0	0	0.29	-	1	1	2	0
00484ac0	world-objects	FUN_00484ac0	427	3	cdecl	10	int	-	0	low	1	-	0	0	0.33	ambiguous	1	1	6	0
005a71f0	audio	FUN_005a71f0	428	6	fastcall/thiscall	11	int	-	0	low	0	-	0	0	0.0	ambiguous	1	1	6	0
004b53b0	render	FUN_004b53b0	431	2	fastcall/thiscall	3	int	-	0	low	1	-	0	0	0.0	ok-asc	1	0	1	0
004cc820	render	FUN_004cc820	433	0	cdecl	7	int	-	0	low	1	-	0	0	0.0	-	1	1	4	0
00428a30	frontend	FUN_00428a30	434	14	cdecl	10	int	-	0	low	1	-	0	0	0.14	-	1	1	9	0
0047bcc0	track	FUN_0047bcc0	434	1	cdecl	6	int	-	0	low	1	-	0	0	0.0	-	1	1	1	0
00429660	hud	FUN_00429660	435	6	cdecl	8	int	-	0	low	1	-	0	0	0.0	-	1	1	4	0
005b2820	audio	FUN_005b2820	439	0	cdecl	2	int	-	0	low	0	Win32	0	0	0.0	-	1	0	2	0
00419530	gameplay	FUN_00419530	440	11	cdecl	8	int	-	0	low	1	-	0	0	0.09	-	1	1	5	0
0040d270	track	Course::Finish	441	23	cdecl	5	int	-	0	low	1	-	0	0	0.0	-	1	1	7	0
004148b0	ai	FUN_004148b0	441	4	cdecl	5	int	-	0	low	1	-	0	0	0.0	ok-asc	1	1	13	0
004633d0	audio	FUN_004633d0	442	4	cdecl	5	int	-	0	low	1	-	0	0	0.0	-	1	1	11	0
004da270	render	FUN_004da270	442	2	cdecl	11	int	-	0	low	1	-	0	0	0.0	-	1	1	5	0
00483d10	vehicle	Replay::Load	445	5	cdecl	8	int	-	0	low	1	-	0	0	0.2	-	1	1	2	0
00414a70	ai	FUN_00414a70	447	9	cdecl	12	int	-	0	low	1	-	0	0	0.0	-	1	1	3	0
004c30b0	render	FUN_004c30b0	447	4	cdecl	4	int	-	0	low	1	-	0	1	0.75	-	1	1	5	0
00493900	boot	sub_00493900	448	4	fastcall/thiscall	2	int	-	0	low	0	-	0	0	0.0	-	1	1	16	0
004368e0	frontend	FUN_004368e0	450	5	cdecl	19	int	-	0	low	1	-	0	0	0.0	ambiguous	1	1	6	0
00478220	render	FUN_00478220	450	4	cdecl	16	int	-	0	low	1	-	0	1	0.5	-	1	1	2	0
0048fb10	particle	FUN_0048fb10	456	9	cdecl	13	int	-	0	low	1	-	0	0	0.0	-	1	1	9	0
004dcdc0	render	FUN_004dcdc0	456	1	fastcall/thiscall	0	int	-	0	low	0	-	0	0	1.0	-	1	1	11	0
0048a850	particle	FUN_0048a850	457	3	cdecl	7	int	-	0	low	1	-	0	0	0.33	-	1	1	10	0
0041faf0	render	VehicleShadowRender	458	9	cdecl	11	int	-	0	low	1	-	0	0	0.33	-	1	1	4	0
00420870	gameplay	FUN_00420870	458	13	cdecl	9	int	-	0	low	1	-	0	0	0.08	ambiguous	1	1	11	0
0049ffe0	particle	FUN_0049ffe0	461	0	stdcall	4	int	-	0	low	0	-	0	0	0.0	-	1	0	0	0
004d4a20	render	FUN_004d4a20	462	2	cdecl	6	int	-	0	low	1	-	0	1	1.0	-	1	1	2	0
0041dca0	hud	FUN_0041dca0	464	4	cdecl	15	int	-	0	low	1	-	0	1	0.5	-	1	1	10	0
004c6580	render	FUN_004c6580	464	9	cdecl	4	int	-	0	low	1	-	0	0	0.0	-	1	0	0	0
00410b30	render	sub_00410b30	468	30	cdecl	0	int	-	0	low	0	-	0	0	0.03	-	1	1	9	0
004cecb0	render	FUN_004cecb0	468	2	cdecl	7	int	-	0	low	1	-	0	1	1.0	-	1	0	0	0
005b5860	audio	FUN_005b5860	471	0	cdecl	5	int	-	0	low	0	-	0	0	0.0	-	1	0	0	0
004d4bf0	render	FUN_004d4bf0	474	1	cdecl	7	int	-	0	low	1	-	0	0	0.0	-	1	0	0	0
004631f0	audio	FUN_004631f0	476	10	cdecl	2	int	-	0	low	1	-	0	0	0.0	-	1	1	5	0
004d9d00	render	FUN_004d9d00	476	2	cdecl	13	int	-	0	low	0	-	0	0	0.0	-	1	0	0	0
005b51d0	audio	FUN_005b51d0	476	3	cdecl	8	int	-	0	low	1	-	0	0	0.0	ok-asc	1	1	5	0
004715a0	ai	FUN_004715a0	477	1	fastcall/thiscall	5	int	-	0	low	0	-	0	0	0.0	ambiguous	1	1	4	0
004cb8a0	render	FUN_004cb8a0	480	0	cdecl	3	int	-	0	low	1	-	0	0	0.0	-	1	1	5	0
005be260	audio	FUN_005be260	481	11	cdecl	6	int	-	0	low	0	Win32	0	0	0.0	-	1	1	7	0
004974b0	frontend	FUN_004974b0	488	1	cdecl	4	int	-	0	low	0	-	0	0	0.0	-	0	1	7	0
00429bd0	util	FUN_00429bd0	490	6	cdecl	15	int	-	0	low	1	-	0	0	0.0	ambiguous	1	1	10	0
004783f0	ai	FUN_004783f0	491	5	fastcall/thiscall	1	int	-	0	med	1	-	0	0	0.2	-	1	0	7	0
00491590	render	FUN_00491590	491	3	cdecl	1	int	-	0	low	1	-	0	0	0.33	-	1	1	25	0
00489a40	particle	FUN_00489a40	494	5	fastcall/thiscall	10	int	-	0	low	1	-	0	0	0.0	-	1	0	3	0
004093b0	gameplay	FUN_004093b0	496	4	cdecl	3	int	-	0	med	1	-	0	0	0.25	ambiguous	1	1	12	0
00411ae0	vehicle	Ghost::PlaybackTick	497	4	cdecl	14	int	-	0	low	0	-	0	0	0.0	-	1	1	8	0
00407800	gameplay	FUN_00407800	498	20	cdecl	7	int	-	0	low	0	-	0	0	0.1	-	0	1	9	0
0041f8f0	render	FUN_0041f8f0	500	14	cdecl	12	int	-	0	low	1	-	0	0	0.07	-	1	1	6	0
005b3e60	audio	FUN_005b3e60	500	2	cdecl	11	int	-	0	low	1	-	0	0	0.0	-	1	0	0	0
00406ae0	gameplay	FUN_00406ae0	508	7	cdecl	3	int	-	0	low	1	-	0	0	0.0	-	0	1	16	0
004d4f90	render	FUN_004d4f90	508	4	fastcall/thiscall	10	int	-	0	low	0	-	0	1	0.5	-	1	1	2	0
0046d880	gameplay	FUN_0046d880	511	0	cdecl	12	int	-	0	low	1	-	0	0	0.0	-	1	1	8	0
0045a190	gameplay	FUN_0045a190	515	9	cdecl	0	int	-	0	med	1	-	0	0	0.11	-	1	0	7	0
004d7de0	render	FUN_004d7de0	515	3	cdecl	8	int	-	0	low	0	-	0	1	1.0	ambiguous	1	1	4	0
00406160	gameplay	FUN_00406160	522	11	cdecl	9	int	-	0	low	1	-	0	0	0.0	-	1	1	11	0
004c5470	render	FUN_004c5470	525	3	cdecl	14	int	-	0	low	1	-	0	0	0.33	-	1	1	4	0
004260e0	render	FUN_004260e0	528	0	fastcall/thiscall	4	int	-	0	low	1	-	0	0	0.0	ambiguous	1	1	11	0
00403fa0	render	FUN_00403fa0	529	1	cdecl	17	int	-	0	low	1	-	0	0	0.0	-	1	1	11	0
004197e0	gameplay	FUN_004197e0	530	5	cdecl	7	int	-	0	low	1	-	0	0	0.0	-	1	1	13	0
00442a60	util	Spectator::ComputeDistances	531	7	cdecl	13	int	-	0	low	1	-	0	0	0.0	-	1	1	10	0
00496100	input	FUN_00496100	531	3	cdecl	5	int	-	0	low	0	-	0	0	0.0	-	1	1	2	0
00477be0	render	FUN_00477be0	535	1	cdecl	9	int	-	0	low	1	-	0	0	0.0	-	1	1	4	0
005b30e0	audio	FUN_005b30e0	540	3	cdecl	9	int	-	0	low	0	Win32	0	0	0.0	-	1	1	2	0
005ad0b0	audio	FUN_005ad0b0	545	3	cdecl	8	int	-	0	low	0	-	0	0	0.0	ambiguous	1	0	0	0
00483a70	render	FUN_00483a70	546	3	cdecl	27	int	-	0	low	1	-	0	0	0.0	-	1	1	2	0
004d3e90	render	FUN_004d3e90	546	0	cdecl	3	int	-	0	low	1	-	0	0	0.0	ok-asc	1	1	2	0
00471ac0	camera	FUN_00471ac0	547	6	cdecl	8	int	-	0	low	0	-	0	0	0.0	-	1	1	3	0
004739f0	frontend	TextSpriteScaled	557	2	cdecl	12	int	-	0	low	1	-	0	0	0.0	ok-asc	1	1	22	0
005b0740	audio	FUN_005b0740	558	7	cdecl	14	int	-	0	low	0	-	0	0	0.0	-	1	0	0	0
00415e20	ai	FUN_00415e20	567	4	cdecl	10	int	-	0	low	1	-	0	0	0.25	-	1	0	7	0
005aa560	audio	FUN_005aa560	568	8	cdecl	4	int	-	0	low	0	-	0	0	0.0	ambiguous	1	1	2	0
00429e10	render	FUN_00429e10	571	10	cdecl	21	int	-	0	low	0	-	0	0	0.1	-	1	1	3	0
0043d7c0	util	FUN_0043d7c0	577	3	cdecl	0	int	-	0	low	1	-	0	0	0.0	flag	1	1	22	0
004c8e50	render	FUN_004c8e50	579	0	cdecl	15	int	-	0	low	1	-	0	0	0.0	flag	0	1	0	0
00403250	util	FUN_00403250	581	7	cdecl	1	float	-	0	low	1	-	0	0	0.0	-	0	1	35	0
004414b0	camera	FUN_004414b0	581	3	fastcall/thiscall	13	int	-	0	low	1	-	0	1	0.67	ambiguous	1	1	16	0
005b04b0	audio	FUN_005b04b0	584	7	cdecl	12	int	-	0	low	0	-	0	0	0.0	-	1	1	0	0
00464a50	audio	FUN_00464a50	587	11	cdecl	9	int	-	0	low	1	-	0	0	0.0	-	1	1	3	0
005a8f30	audio	FUN_005a8f30	589	2	cdecl	2	int	-	0	low	0	-	0	0	0.0	ok-asc	1	1	2	0
00410860	util	FUN_00410860	592	15	cdecl	0	int	-	0	low	0	-	0	0	0.0	-	1	1	16	0
005a75b0	audio	FUN_005a75b0	593	0	cdecl	6	int	-	0	low	1	-	0	0	0.0	-	1	1	12	0
00420e00	gameplay	FUN_00420e00	594	8	cdecl	13	int	-	0	low	1	-	0	0	0.0	-	1	1	2	0
0045a950	gameplay	FUN_0045a950	594	6	cdecl	13	int	-	0	low	1	-	0	0	0.0	-	1	1	6	0
004427c0	util	Spectator::SelectCamera	598	4	cdecl	3	int	-	0	low	1	-	0	0	0.0	-	1	1	18	0
004314b0	frontend	FUN_004314b0	602	9	cdecl	14	int	-	0	low	1	-	0	0	0.0	ambiguous	1	1	17	0
0041bc50	hud	FUN_0041bc50	603	0	cdecl	0	int	-	0	low	0	-	0	0	0.0	flag	1	1	0	0
005a6340	audio	FUN_005a6340	604	2	cdecl	2	int	-	0	low	0	-	0	0	0.0	flag	1	1	2	0
00412620	render	FUN_00412620	606	9	cdecl	12	int	-	0	low	1	-	0	0	0.11	-	1	1	16	0
004d2e30	render	rwD3D8ZBufferRasterCreate	608	2	cdecl	6	int	-	0	low	0	Win32	0	1	1.0	-	1	1	13	0
004d8810	render	RwNativeRasterRead	609	5	fastcall/thiscall	8	int	-	0	low	0	-	0	1	0.8	-	1	1	1	0
005acaa0	audio	FUN_005acaa0	610	3	cdecl	13	int	-	0	low	1	-	0	0	0.0	-	1	0	0	0
005b9f30	audio	LAB_005b9f30	610	2	cdecl	2	int	-	0	low	0	-	0	0	0.0	-	1	1	2	0
004039f0	util	FUN_004039f0	611	12	cdecl	11	int	-	0	low	1	-	0	0	0.08	ambiguous	1	1	19	0
00491f00	render	FUN_00491f00	611	5	cdecl	13	int	-	0	low	1	-	0	0	0.2	-	1	1	11	0
005b6be0	audio	FUN_005b6be0	611	2	cdecl	2	int	-	0	low	0	-	0	0	0.0	ambiguous	1	1	2	0
005b74c0	audio	FUN_005b74c0	611	2	cdecl	2	int	-	0	low	0	-	0	0	0.0	flag	1	1	3	0
005bc190	audio	FUN_005bc190	611	1	cdecl	3	int	-	0	low	1	-	0	0	1.0	-	1	0	16	0
004036a0	render	FUN_004036a0	612	1	cdecl	14	int	-	0	low	1	-	0	0	0.0	-	1	1	2	0
004969a0	render	FUN_004969a0	612	1	cdecl	14	int	-	0	low	1	-	0	0	0.0	-	1	1	2	0
0041a5d0	gameplay	FUN_0041a5d0	617	3	cdecl	15	int	-	0	low	1	-	0	0	0.33	-	1	1	2	0
005ab710	audio	FUN_005ab710	617	4	cdecl	4	int	-	0	low	0	Win32	0	0	0.0	-	1	1	12	0
00413cb0	hud	FUN_00413cb0	622	14	fastcall/thiscall	0	int	-	0	med	1	-	0	0	0.07	ambiguous	1	1	15	0
00431240	frontend	FUN_00431240	622	11	cdecl	12	int	-	0	low	1	-	0	0	0.0	-	1	1	18	0
004b5750	render	FUN_004b5750	623	1	cdecl	14	int	-	0	low	1	-	0	0	0.0	-	1	1	2	0
004da000	render	FUN_004da000	624	1	cdecl	13	int	-	0	low	1	-	0	0	0.0	-	1	1	3	0
004910c0	render	FUN_004910c0	626	6	cdecl	12	int	-	0	low	1	-	0	0	0.33	-	1	1	9	0
00442e00	util	FUN_00442e00	627	4	cdecl	14	int	-	0	low	1	-	0	0	0.0	ok-asc	1	1	17	0
004847d0	world-objects	FUN_004847d0	628	3	cdecl	13	int	-	0	low	1	-	0	0	0.33	ambiguous	1	1	8	0
00493fd0	frontend	sub_00493fd0	631	1	cdecl	14	int	-	0	low	1	-	0	0	0.0	-	1	1	2	0
00556e90	render	FUN_00556e90	631	0	cdecl	7	int	-	0	low	1	-	0	0	0.0	-	1	1	1	0
005555b0	render	FUN_005555b0	633	1	cdecl	13	int	-	0	low	1	-	0	0	0.0	ambiguous	1	0	2	0
005aba20	audio	FUN_005aba20	642	11	cdecl	8	int	-	0	low	1	-	0	0	0.0	-	1	0	1	0
004d6e70	render	FUN_004d6e70	643	1	cdecl	3	int	-	0	low	0	-	0	0	0.0	-	1	1	25	0
00429310	util	TimeTrial::Tick	644	13	cdecl	12	int	-	0	low	1	-	0	0	0.0	-	1	1	13	0
00433f40	render	FUN_00433f40	654	12	cdecl	24	int	-	0	low	1	-	0	0	0.08	-	1	1	9	0
00459000	gameplay	FUN_00459000	655	11	cdecl	0	int	-	0	med	1	-	0	0	0.0	ambiguous	1	1	12	0
0048a130	particle	FUN_0048a130	656	5	cdecl	13	int	-	0	low	1	-	0	0	0.2	-	1	1	12	0
004b5af0	render	FUN_004b5af0	661	3	fastcall/thiscall	19	int	-	0	low	1	-	0	1	0.67	-	1	1	1	0
005b1260	audio	FUN_005b1260	663	9	cdecl	2	int	-	0	low	0	-	0	0	0.0	ok-asc	1	1	3	0
00498510	input	FUN_00498510	665	7	cdecl	2	int	-	0	med	1	Win32	0	0	0.0	-	1	1	23	0
005b3760	audio	FUN_005b3760	668	3	cdecl	5	int	-	0	low	1	-	0	0	0.0	ok-asc	1	1	3	0
00426810	render	sub_00426810	672	6	cdecl	11	int	-	0	low	1	-	0	0	0.33	ambiguous	0	1	8	0
004212b0	render	FUN_004212b0	685	14	cdecl	15	int	-	0	low	1	-	0	0	0.0	ambiguous	1	1	17	0
00496530	input	FUN_00496530	687	3	cdecl	6	int	-	0	low	1	-	0	0	0.0	-	1	1	34	0
005a6f30	audio	FUN_005a6f30	690	6	fastcall/thiscall	8	int	-	0	low	1	-	0	0	0.0	ambiguous	1	1	10	0
00463c80	audio	FUN_00463c80	695	10	cdecl	10	int	-	0	low	1	-	0	0	0.0	ambiguous	1	1	17	0
004d0d00	render	FUN_004d0d00	695	0	cdecl	13	int	-	0	low	0	-	0	0	0.0	-	1	1	5	0
00473c20	gameplay	FUN_00473c20	697	6	cdecl	10	int	-	0	low	1	-	0	0	0.17	-	1	1	25	0
004b61c0	render	FUN_004b61c0	701	3	cdecl	10	int	-	0	low	0	-	0	1	0.67	-	1	1	4	0
0045d7a0	util	FUN_0045d7a0	702	5	cdecl	15	int	-	0	low	1	-	0	0	0.0	-	1	1	12	0
0041d410	hud	FUN_0041d410	703	0	cdecl	0	int	-	0	low	0	-	0	0	0.0	ambiguous	1	1	0	0
004709a0	vehicle	VehicleCollisionBroadPhase	705	9	cdecl	9	int	-	0	low	1	-	0	0	0.0	-	1	1	13	0
00408b00	util	FUN_00408b00	707	7	cdecl	13	int	-	0	low	1	-	0	0	0.14	-	1	1	12	0
004538b0	gameplay	FUN_004538b0	717	9	cdecl	14	int	-	0	low	1	-	0	0	0.22	-	1	1	10	0
0041e1e0	gameplay	FUN_0041e1e0	719	9	cdecl	12	int	-	0	low	1	-	0	0	0.0	-	0	1	0	0
00414c30	ai	FUN_00414c30	720	8	cdecl	3	int	-	0	med	1	-	0	0	0.0	-	1	1	8	0
005b3b80	audio	FUN_005b3b80	726	7	cdecl	10	int	-	0	low	1	-	0	0	0.0	ok-asc	1	1	0	0
005b2b00	audio	FUN_005b2b00	736	2	cdecl	4	int	-	0	low	0	Win32	0	0	0.0	-	1	1	2	0
0045bba0	util	FUN_0045bba0	738	11	cdecl	12	int	-	0	low	1	-	0	0	0.0	ambiguous	1	1	14	0
004daff0	render	FUN_004daff0	741	0	cdecl	10	int	-	0	low	1	-	0	0	0.0	-	1	0	3	0
005b5f70	audio	FUN_005b5f70	741	0	fastcall/thiscall	10	int	-	0	low	1	-	0	0	0.0	ok-asc	1	1	4	0
005a8060	audio	FUN_005a8060	744	5	cdecl	2	int	-	0	low	0	-	0	0	0.0	flag	1	1	10	0
005afa00	audio	FUN_005afa00	751	11	cdecl	9	int	-	0	low	0	-	0	0	0.0	ok-asc	1	1	3	0
00467350	vehicle	VehicleSlipTimerTick	767	2	cdecl	5	int	-	0	low	1	-	0	1	0.5	-	1	1	10	0
004c32b0	render	FUN_004c32b0	768	10	cdecl	10	int	-	0	low	0	-	0	0	0.3	-	1	1	5	0
005a7b60	audio	FUN_005a7b60	770	16	cdecl	11	int	-	0	low	0	-	0	0	0.12	-	1	1	2	0
00499d90	render	FUN_00499d90	779	4	cdecl	2	int	-	0	low	1	-	0	0	0.0	ambiguous	1	1	6	0
0043af10	frontend	FUN_0043af10	782	9	cdecl	17	int	-	0	low	1	-	0	0	0.0	flag	1	1	21	0
004d9050	render	FUN_004d9050	784	2	cdecl	10	int	-	0	low	1	-	0	0	0.0	-	1	1	3	0
0045ff50	audio	FUN_0045ff50	786	6	cdecl	9	int	-	0	low	1	-	0	0	0.0	-	1	1	8	0
0042e8b0	frontend	FUN_0042e8b0	801	4	cdecl	20	int	-	0	low	1	-	0	0	0.0	ambiguous	0	1	5	0
005ac210	audio	FUN_005ac210	804	14	cdecl	10	int	-	0	low	0	-	0	0	0.0	flag	1	1	4	0
00485ef0	particle	FUN_00485ef0	808	10	fastcall/thiscall	0	int	-	0	med	1	-	0	0	0.0	-	1	1	10	0
0046b1c0	vehicle	FUN_0046b1c0	810	0	cdecl	3	int	-	0	low	1	-	0	0	0.0	-	1	1	3	0
00475f90	render	FUN_00475f90	814	9	fastcall/thiscall	15	int	-	0	low	1	-	0	0	0.11	ambiguous	1	1	16	0
00424b80	frontend	FUN_00424b80	815	4	fastcall/thiscall	12	int	-	0	low	1	-	0	0	0.0	ambiguous	1	1	28	0
004b5d90	render	FUN_004b5d90	816	4	cdecl	17	int	-	0	low	1	-	0	1	0.75	-	1	1	1	0
00401690	render	FUN_00401690	820	2	fastcall/thiscall	0	int	-	0	low	1	-	0	1	0.5	-	1	0	4	0
00414570	ai	FUN_00414570	821	12	cdecl	15	int	-	0	low	1	-	0	0	0.08	-	1	1	14	0
0045d460	audio	FUN_0045d460	822	13	cdecl	6	int	-	0	low	0	-	0	0	0.0	ambiguous	1	1	19	0
0045b390	gameplay	FUN_0045b390	839	17	cdecl	15	int	-	0	low	1	-	0	0	0.12	-	1	1	5	0
005b2220	audio	FUN_005b2220	842	1	cdecl	13	int	-	0	low	0	-	0	0	0.0	-	1	1	0	0
004332a0	frontend	FUN_004332a0	848	5	cdecl	3	int	-	0	low	1	-	0	0	0.0	-	1	1	21	0
00469aa0	vehicle	VehicleContactScanUpdate	848	4	cdecl	14	int	-	0	low	1	-	0	0	0.0	ambiguous	1	1	16	0
0040d590	frontend	FUN_0040d590	850	3	cdecl	5	int	-	0	low	1	-	0	0	0.0	-	0	0	3	0
0046c7d0	vehicle	FUN_0046c7d0	852	7	cdecl	8	int	-	0	low	1	-	0	0	0.29	ok-asc	1	1	32	0
004568d0	gameplay	FUN_004568d0	856	10	cdecl	19	int	-	0	low	1	-	0	0	0.1	-	1	1	13	0
0040c690	gameplay	FUN_0040c690	874	6	cdecl	13	int	-	0	low	1	-	0	0	0.0	-	1	1	11	0
005bb000	audio	FUN_005bb000	883	9	cdecl	15	int	-	0	low	1	Win32	0	0	0.0	-	1	1	4	0
0045ae80	gameplay	FUN_0045ae80	886	20	cdecl	0	int	-	0	med	1	-	0	0	0.0	-	1	1	19	0
00422570	render	FUN_00422570	890	7	cdecl	10	int	-	0	low	1	-	0	0	0.0	ambiguous	1	1	9	0
00489500	gameplay	FUN_00489500	907	6	fastcall/thiscall	1	int	-	0	med	1	-	0	0	0.0	-	1	1	5	0
0040ca00	gameplay	FUN_0040ca00	908	12	cdecl	13	int	-	0	low	1	-	0	0	0.0	ambiguous	1	1	16	0
004d3510	render	rwD3D8RasterAllocAndCreate	914	3	cdecl	7	int	-	0	low	0	-	0	0	0.0	-	1	1	18	0
0044bfa0	render	FUN_0044bfa0	934	8	cdecl	14	int	-	0	low	1	-	0	0	0.38	ambiguous	1	1	9	0
004cdf20	render	FUN_004cdf20	936	7	cdecl	8	int	-	0	low	1	-	0	0	0.29	-	1	1	3	0
00463f40	audio	FUN_00463f40	938	10	cdecl	10	int	-	0	low	1	-	0	0	0.0	-	1	1	10	0
00546e70	vehicle	FUN_00546e70	949	1	cdecl	4	int	-	0	low	1	-	0	0	0.0	-	1	0	23	0
00402b70	util	FUN_00402b70	963	5	fastcall/thiscall	10	int	-	0	low	1	-	0	0	0.4	ambiguous	1	1	14	0
004c4680	render	FUN_004c4680	968	1	cdecl	13	int	-	0	low	1	-	0	0	0.0	-	1	0	1	0
004019d0	render	FUN_004019d0	973	14	cdecl	23	int	-	0	low	1	-	0	0	0.29	-	1	1	6	0
00431710	frontend	FUN_00431710	975	10	cdecl	24	int	-	0	low	1	-	0	0	0.0	ambiguous	1	1	18	0
004854e0	smplfzx	FUN_004854e0	989	4	cdecl	14	int	-	0	low	1	-	0	1	0.5	-	1	1	9	0
0041af50	render	FUN_0041af50	998	8	cdecl	14	int	-	0	low	1	-	0	0	0.25	ambiguous	1	1	17	0
004744a0	render	FUN_004744a0	998	2	cdecl	20	int	-	0	low	1	-	0	0	0.0	ambiguous	1	1	21	0
0048ebf0	render	FUN_0048ebf0	1010	2	cdecl	13	int	-	0	low	1	-	0	0	0.0	-	1	1	42	0
004128f0	hud	FUN_004128f0	1015	1	cdecl	18	int	-	0	low	1	-	0	0	0.0	-	1	1	6	0
005a9280	audio	FUN_005a9280	1036	2	cdecl	12	int	-	0	low	1	-	0	1	0.5	-	1	0	6	0
00424eb0	util	FUN_00424eb0	1039	22	cdecl	7	int	-	0	low	0	-	0	0	0.0	-	1	1	2	0
004dabd0	render	FUN_004dabd0	1045	1	cdecl	17	int	-	0	low	1	-	0	0	0.0	-	1	1	5	0
0043a610	frontend	FUN_0043a610	1056	8	cdecl	27	int	-	0	low	1	-	0	0	0.0	-	1	1	14	0
00422ba0	ai	FUN_00422ba0	1072	11	cdecl	11	int	-	0	low	1	-	0	0	0.0	-	1	1	27	0
004c6750	render	FUN_004c6750	1092	16	cdecl	4	int	-	0	low	1	-	0	0	0.12	-	1	1	1	0
00497b60	frontend	FUN_00497b60	1135	4	cdecl	13	int	-	0	low	1	Win32	0	0	0.0	-	1	1	13	0
00462950	render	FUN_00462950	1137	15	cdecl	7	int	-	0	low	1	-	0	0	0.0	flag	1	1	29	0
00415880	ai	FUN_00415880	1152	13	cdecl	12	int	-	0	low	1	-	0	0	0.08	-	1	1	17	0
00412190	render	FUN_00412190	1159	14	cdecl	12	int	-	0	low	1	-	0	0	0.14	-	1	1	16	0
0045f5f0	audio	FUN_0045f5f0	1185	6	cdecl	4	int	-	0	low	1	-	0	0	0.0	flag	1	1	10	0
00405ab0	gameplay	FUN_00405ab0	1192	11	cdecl	13	int	-	0	low	1	-	0	0	0.0	-	1	1	9	0
0045faa0	audio	FUN_0045faa0	1193	6	cdecl	5	int	-	0	low	1	-	0	0	0.0	-	1	1	11	0
0043aa30	frontend	FUN_0043aa30	1196	8	cdecl	20	int	-	0	low	1	-	0	0	0.0	-	1	1	18	0
005b53b0	audio	FUN_005b53b0	1200	2	cdecl	13	int	-	0	low	1	-	0	0	0.0	ok-asc	1	1	4	0
00448220	frontend	Frontend::PostRaceResultCamera	1235	22	cdecl	14	int	-	0	low	1	-	0	0	0.0	ambiguous	1	1	17	0
00457100	gameplay	FUN_00457100	1285	15	cdecl	21	int	-	0	low	1	-	0	0	0.13	-	1	1	23	0
004da4f0	render	FUN_004da4f0	1289	1	cdecl	11	int	-	0	low	0	-	0	0	0.0	-	1	1	2	0
00428d30	frontend	FUN_00428d30	1292	18	cdecl	21	int	-	0	low	1	-	0	0	0.06	-	1	1	4	0
0043d2a0	frontend	FUN_0043d2a0	1303	13	cdecl	9	int	-	0	low	1	-	0	0	0.0	ambiguous	1	1	52	0
0045e460	audio	FUN_0045e460	1313	6	cdecl	6	int	-	0	low	1	-	0	0	0.0	-	1	1	9	0
004d9530	render	FUN_004d9530	1320	7	cdecl	16	int	-	0	low	1	-	0	0	0.0	-	1	1	2	0
004177b0	ai	FUN_004177b0	1339	11	cdecl	5	int	-	0	low	1	-	0	0	0.0	ambiguous	1	1	42	0
004d07b0	render	FUN_004d07b0	1351	13	cdecl	8	int	-	0	low	1	-	0	0	0.0	-	1	1	34	0
005b4850	audio	FUN_005b4850	1405	1	cdecl	7	int	-	0	low	1	-	0	0	0.0	ok-asc	1	0	6	0
0046e9e0	vehicle	FUN_0046e9e0	1419	3	cdecl	13	int	-	0	low	1	-	0	0	0.0	ambiguous	0	1	16	0
0046bfc0	gameplay	FUN_0046bfc0	1446	5	cdecl	13	int	-	0	low	1	-	0	0	0.4	-	1	1	9	0
004694e0	vehicle	VehicleObjectContactSolver	1468	6	cdecl	12	int	-	0	low	1	-	0	0	0.33	ambiguous	1	1	7	0
00404830	boot	FUN_00404830	1474	0	cdecl	0	int	-	0	low	1	-	0	0	0.0	ambiguous	1	1	16	0
0045efe0	audio	FUN_0045efe0	1540	6	cdecl	11	int	-	0	low	1	-	0	0	0.0	ambiguous	1	1	17	0
00495870	input	FUN_00495870	1544	2	cdecl	8	int	-	0	low	1	-	0	0	0.0	-	1	1	6	0
004d55b0	render	FUN_004d55b0	1552	0	cdecl	3	int	-	0	low	1	-	0	0	0.0	-	1	1	39	0
004d5bc0	render	FUN_004d5bc0	1595	4	cdecl	0	int	-	0	low	1	-	0	0	0.0	-	1	1	76	0
00478660	ai	FUN_00478660	1606	10	cdecl	15	int	-	0	low	1	-	0	0	0.1	-	1	1	2	0
0045e990	audio	FUN_0045e990	1610	6	cdecl	9	int	-	0	low	1	-	0	0	0.0	-	1	1	8	0
004c6ba0	render	FUN_004c6ba0	1631	13	cdecl	11	int	-	0	low	0	-	0	0	0.15	-	1	1	5	0
005afcf0	audio	FUN_005afcf0	1635	19	cdecl	13	int	-	0	low	0	Win32	0	0	0.0	ok-asc	1	1	6	0
00545340	track	FUN_00545340	1663	2	cdecl	12	int	-	0	low	1	-	0	1	1.0	-	1	1	4	0
005b8c40	audio	FUN_005b8c40	1676	5	cdecl	10	int	-	0	low	1	-	0	0	0.2	-	1	1	8	0
0046cc40	vehicle	FUN_0046cc40	1696	2	cdecl	13	int	-	0	low	1	-	0	0	0.0	-	1	1	23	0
00441d40	util	FUN_00441d40	1740	7	fastcall/thiscall	15	int	-	0	low	1	-	0	0	0.43	-	1	1	17	0
004d6200	render	FUN_004d6200	1806	4	cdecl	4	int	-	0	low	1	-	0	0	0.0	-	1	1	85	0
00486830	particle	FUN_00486830	1815	17	cdecl	0	int	-	0	med	1	-	0	0	0.06	-	1	1	30	0
00416a30	ai	FUN_00416a30	1871	19	cdecl	3	int	-	0	med	1	-	0	0	0.0	-	1	1	36	0
0046ef70	vehicle	FUN_0046ef70	1872	2	cdecl	14	int	-	0	low	1	-	0	1	0.5	ambiguous	1	1	18	0
00468d80	vehicle	VehicleTerrainContactSolver	1877	6	cdecl	13	int	-	0	low	1	-	0	1	0.5	ambiguous	1	1	23	0
00407e20	gameplay	FUN_00407e20	1895	10	cdecl	14	int	-	0	low	1	-	0	0	0.1	-	1	1	4	0
00547450	track	FUN_00547450	1951	1	cdecl	14	int	-	0	low	1	-	0	0	0.0	-	1	1	1	0
00470c70	vehicle	FUN_00470c70	1972	22	cdecl	12	int	-	0	low	1	-	0	0	0.0	ambiguous	1	1	44	0
004661f0	audio	FUN_004661f0	1977	10	cdecl	9	int	-	0	low	1	-	0	0	0.0	-	1	1	22	0
00417da0	ai	FUN_00417da0	1980	23	cdecl	3	int	-	0	med	1	-	0	0	0.0	-	1	1	35	0
00416250	ai	FUN_00416250	2015	23	cdecl	3	int	-	0	med	1	-	0	0	0.0	-	1	1	37	0
00461650	audio	FUN_00461650	2104	12	cdecl	8	int	-	0	low	1	-	0	0	0.0	ambiguous	1	1	19	0
00460df0	audio	FUN_00460df0	2135	7	cdecl	9	int	-	0	low	1	-	0	0	0.0	-	1	1	10	0
00554940	hud	LAB_00554940	2187	10	cdecl	11	int	-	0	low	1	-	0	0	0.2	-	1	1	5	0
00443440	ai	FUN_00443440	2254	4	cdecl	5	int	-	0	med	1	-	0	0	0.0	-	1	1	14	0
0043dfd0	frontend	FUN_0043dfd0	2325	24	cdecl	8	int	-	0	low	1	-	0	0	0.04	ambiguous	1	1	69	0
00490500	render	FUN_00490500	2372	15	cdecl	4	int	-	0	med	1	-	0	0	0.0	ambiguous	1	1	54	0
004335f0	frontend	FUN_004335f0	2379	11	cdecl	42	int	-	0	low	1	-	0	0	0.0	ambiguous	1	1	27	0
00445aa0	util	FUN_00445aa0	2579	9	cdecl	12	int	-	0	low	1	-	0	0	0.22	flag	1	1	39	0
00460350	audio	FUN_00460350	2716	9	cdecl	10	int	-	0	low	1	-	0	0	0.0	-	1	1	12	0
00412f30	util	FUN_00412f30	2768	14	cdecl	15	int	-	0	low	1	-	0	0	0.0	ambiguous	1	1	23	0
00443dc0	ai	FUN_00443dc0	3484	7	fastcall/thiscall	22	int	-	0	low	1	-	0	0	0.0	-	1	1	15	0
00482c10	vehicle	Replay::ReadFrame	3616	3	cdecl	13	int	-	0	low	1	-	0	0	0.33	-	1	1	10	0
00467650	vehicle	VehicleWheelDrivetrainUpdate	4908	7	fastcall/thiscall	14	int	-	0	low	1	-	0	0	0.43	ambiguous	1	1	49	0
00469df0	vehicle	VehicleVehicleCollisionImpulse	5063	5	cdecl	13	int	-	0	low	1	-	0	0	0.4	ambiguous	1	1	27	0
00547bf0	track	FUN_00547bf0	5807	0	cdecl	15	int	-	0	low	1	-	0	0	0.0	-	1	0	1	0
00446520	util	FUN_00446520	7412	42	cdecl	2	int	-	0	med	1	-	0	0	0.1	ambiguous	1	1	57	0
